entity_id,repo_name,component_path,service_tier,programming_language,domain,archetype,lines_of_code,cyclomatic_complexity,cognitive_complexity,code_smells_count,code_duplication_pct,security_hotspots_count,dependency_count,outdated_dependencies_pct,churn_lines_last_30d,commits_last_90d,distinct_authors_last_90d,ownership_entropy,avg_pr_review_time_hrs,pr_rework_rate,unit_test_coverage_pct,ci_build_failure_rate,defects_reported_last_90d,production_incidents_last_180d,mttr_incident_mins,sprint_velocity_drag_pct,monthly_maintenance_hours
TD-00001,auth-service,auth-service/pkg/handler/cache_adapter_9.go,Tier_1,Go,Security/IAM,dormant_legacy,980,58,83,54,31.28,1,10,20.04,57,0,1,0.214,12.2,0.055,33.37,0.072,0,1,82,13.0,5.8
TD-00002,user-profile-api,user-profile-api/handlers/api/manager_4.py,Tier_2,Python,User Management,healthy_active,631,4,4,3,2.82,0,12,4.57,868,32,6,0.533,6.4,0.059,81.28,0.063,0,0,53,1.7,5.0
TD-00003,internal-admin-portal,internal-admin-portal/src/pages/admin/rule_engine_14.tsx,Tier_3,TypeScript,Backoffice,healthy_active,314,16,15,0,4.81,0,7,5.83,845,33,5,0.31,8.1,0.037,78.28,0.04,0,0,41,6.3,5.2
TD-00004,payment-gateway,payment-gateway/pkg/handler/validator_7.go,Tier_1,Go,Fintech/Checkout,healthy_active,338,16,15,2,2.96,0,8,13.31,547,48,3,0.294,7.6,0.024,90.79,0.018,0,0,28,1.6,7.3
TD-00005,user-profile-api,user-profile-api/tasks/workers/rule_engine_1.py,Tier_2,Python,User Management,legacy_hotspot,1913,53,82,50,43.7,2,39,63.0,1445,73,14,0.757,36.3,0.393,34.83,0.196,3,1,165,42.0,63.1
TD-00006,internal-admin-portal,internal-admin-portal/src/components/forms/cache_adapter_18.tsx,Tier_3,TypeScript,Backoffice,dormant_legacy,1204,42,47,15,25.09,0,21,33.34,16,3,1,0.012,21.7,0.177,38.82,0.089,0,0,67,9.8,4.4
TD-00007,search-indexer,search-indexer/src/main/scala/engine/legacy_sync_19.scala,Tier_2,Scala,Search/Discovery,healthy_active,508,3,2,2,0.93,0,5,8.86,646,41,5,0.576,9.6,0.072,93.08,0.057,0,0,31,1.7,4.8
TD-00008,inventory-worker,inventory-worker/services/core/exporter_6.py,Tier_2,Python,Supply Chain,average,1113,12,13,15,10.7,1,12,18.48,526,12,3,0.573,27.4,0.092,49.85,0.148,1,0,52,17.3,6.1
TD-00009,search-indexer,search-indexer/src/main/scala/index/dispatcher_5.scala,Tier_2,Scala,Search/Discovery,healthy_active,289,3,2,5,1.63,0,6,5.5,882,60,4,0.347,7.7,0.044,95.51,0.038,1,0,35,4.6,4.4
TD-00010,user-profile-api,user-profile-api/models/data/validator_3.py,Tier_2,Python,User Management,healthy_active,310,15,14,5,1.85,0,11,14.3,736,75,6,0.354,15.9,0.052,81.05,0.049,1,0,26,4.9,7.9
TD-00011,search-indexer,search-indexer/src/main/scala/engine/session_handler_12.scala,Tier_2,Scala,Search/Discovery,healthy_active,614,13,14,4,1.48,0,12,12.15,764,42,6,0.278,5.0,0.06,78.91,0.072,0,0,43,4.6,4.1
TD-00012,batch-reporting-service,batch-reporting-service/src/main/java/com/platform/repository/exporter_2.java,Tier_3,Java,Reporting,average,1329,21,21,7,4.47,0,16,13.18,602,9,4,0.33,13.2,0.154,61.22,0.116,3,1,72,11.8,12.1
TD-00013,analytics-etl,analytics-etl/tasks/workers/validator_13.py,Tier_3,Python,Data/BI,legacy_hotspot,4501,152,207,55,38.56,1,31,68.8,1358,52,16,0.688,31.1,0.266,33.09,0.317,5,1,233,47.2,27.5
TD-00014,auth-service,auth-service/internal/middleware/dispatcher_20.go,Tier_1,Go,Security/IAM,healthy_active,877,6,6,1,0.13,0,13,12.01,583,28,4,0.577,9.4,0.116,94.3,0.024,0,0,37,0.8,1.1
TD-00015,notification-dispatcher,notification-dispatcher/src/queues/aggregator_3.js,Tier_2,Node.js,Communications,dormant_legacy,1149,41,55,20,25.64,1,8,28.87,56,3,1,0.13,33.7,0.118,47.58,0.132,0,0,108,14.8,3.0
TD-00016,payment-gateway,payment-gateway/internal/service/exporter_10.go,Tier_1,Go,Fintech/Checkout,dormant_legacy,1938,58,77,23,18.76,0,24,53.63,57,0,0,0.173,13.6,0.16,30.45,0.135,0,0,110,6.9,9.6
TD-00017,auth-service,auth-service/internal/service/state_machine_4.go,Tier_1,Go,Security/IAM,healthy_active,582,4,4,1,0.41,0,7,3.5,964,45,2,0.437,8.9,0.091,86.67,0.036,0,0,27,3.5,2.8
TD-00018,search-indexer,search-indexer/src/main/scala/index/legacy_sync_12.scala,Tier_2,Scala,Search/Discovery,healthy_active,767,9,10,4,1.19,0,11,5.62,843,36,5,0.591,11.8,0.052,78.78,0.075,1,0,39,5.6,1.5
TD-00019,order-management,order-management/src/main/java/com/platform/repository/session_handler_7.java,Tier_1,Java,Core Business,average,671,14,19,12,14.98,1,21,32.26,817,16,5,0.462,20.5,0.162,47.33,0.157,3,1,53,17.6,8.3
TD-00020,inventory-worker,inventory-worker/services/core/rule_engine_6.py,Tier_2,Python,Supply Chain,average,1682,18,20,9,13.73,1,6,19.42,168,5,2,0.322,12.9,0.099,45.41,0.049,2,1,98,16.2,16.2
TD-00021,internal-admin-portal,internal-admin-portal/src/components/forms/manager_15.tsx,Tier_3,TypeScript,Backoffice,dormant_legacy,2231,37,51,17,14.45,0,6,43.81,21,3,0,0.031,34.2,0.168,31.8,0.075,1,0,116,16.7,8.2
TD-00022,search-indexer,search-indexer/src/main/scala/index/parser_18.scala,Tier_2,Scala,Search/Discovery,healthy_active,581,4,4,5,2.25,0,14,4.47,1386,45,2,0.397,7.6,0.066,95.64,0.044,0,0,21,0.6,1.9
TD-00023,user-profile-api,user-profile-api/models/data/state_machine_2.py,Tier_2,Python,User Management,legacy_hotspot,3001,62,107,106,18.92,0,14,45.7,1172,66,15,0.718,52.8,0.451,27.47,0.131,7,3,138,32.3,45.4
TD-00024,user-profile-api,user-profile-api/services/core/exporter_11.py,Tier_2,Python,User Management,healthy_active,448,16,15,2,3.57,0,9,7.68,347,42,2,0.495,6.6,0.076,93.13,0.016,0,0,27,3.8,3.5
TD-00025,search-indexer,search-indexer/src/main/scala/index/validator_7.scala,Tier_2,Scala,Search/Discovery,healthy_active,1037,10,10,2,1.89,0,7,5.45,762,60,2,0.203,7.2,0.057,86.78,0.07,0,0,42,0.0,7.8
TD-00026,batch-reporting-service,batch-reporting-service/src/main/java/com/platform/repository/aggregator_16.java,Tier_3,Java,Reporting,healthy_active,675,12,11,3,1.03,0,12,4.86,868,22,3,0.507,5.2,0.071,94.78,0.032,0,0,35,3.0,4.2
TD-00027,search-indexer,search-indexer/src/main/scala/pipeline/legacy_sync_5.scala,Tier_2,Scala,Search/Discovery,healthy_active,1229,17,18,0,0.58,0,10,9.09,520,44,3,0.25,14.2,0.114,81.26,0.015,1,0,33,6.4,2.4
TD-00028,inventory-worker,inventory-worker/handlers/api/aggregator_18.py,Tier_2,Python,Supply Chain,legacy_hotspot,3176,120,207,76,25.57,1,15,57.39,1134,34,5,0.829,89.6,0.5,7.97,0.383,7,2,204,35.9,38.7
TD-00029,internal-admin-portal,internal-admin-portal/src/hooks/cache_adapter_19.tsx,Tier_3,TypeScript,Backoffice,dormant_legacy,1622,46,53,14,25.33,1,23,54.7,6,2,1,0.318,28.3,0.13,31.17,0.143,0,0,98,11.6,8.1
TD-00030,search-indexer,search-indexer/src/main/scala/pipeline/router_12.scala,Tier_2,Scala,Search/Discovery,average,1107,21,27,13,4.83,0,19,33.36,236,9,3,0.594,15.0,0.209,71.1,0.102,1,0,85,12.7,17.2
TD-00031,user-profile-api,user-profile-api/handlers/api/client_pool_16.py,Tier_2,Python,User Management,dormant_legacy,694,45,57,56,12.23,0,10,21.69,67,1,1,0.074,26.4,0.245,31.06,0.092,1,0,69,8.9,5.1
TD-00032,auth-service,auth-service/pkg/handler/state_machine_4.go,Tier_1,Go,Security/IAM,dormant_legacy,772,31,41,51,25.14,0,21,40.04,11,0,0,0.331,22.5,0.104,37.54,0.073,0,0,96,14.3,8.6
TD-00033,order-management,order-management/src/main/java/com/platform/controller/exporter_14.java,Tier_1,Java,Core Business,legacy_hotspot,1851,100,125,30,38.0,3,20,82.76,721,46,4,0.719,29.8,0.323,23.82,0.238,8,4,169,51.7,32.7
TD-00034,batch-reporting-service,batch-reporting-service/src/main/java/com/platform/service/router_13.java,Tier_3,Java,Reporting,healthy_active,548,5,5,0,2.71,0,11,3.87,625,25,4,0.529,11.4,0.102,86.97,0.015,0,0,36,4.0,6.0
TD-00035,batch-reporting-service,batch-reporting-service/src/main/java/com/platform/util/client_pool_9.java,Tier_3,Java,Reporting,dormant_legacy,1046,142,179,22,18.13,0,15,29.22,37,2,1,0.153,37.6,0.194,36.36,0.143,0,1,83,6.8,6.8
TD-00036,internal-admin-portal,internal-admin-portal/src/pages/admin/query_builder_4.tsx,Tier_3,TypeScript,Backoffice,average,445,22,27,5,11.48,0,14,11.88,244,14,2,0.386,31.7,0.192,65.84,0.073,1,0,105,20.8,7.9
TD-00037,internal-admin-portal,internal-admin-portal/src/hooks/exporter_11.tsx,Tier_3,TypeScript,Backoffice,healthy_active,692,10,10,0,3.29,0,8,9.56,1098,62,3,0.435,18.0,0.076,86.52,0.032,0,0,26,0.9,4.0
TD-00038,auth-service,auth-service/pkg/storage/router_6.go,Tier_1,Go,Security/IAM,healthy_active,503,9,8,2,2.8,0,4,13.27,410,20,2,0.415,13.3,0.094,87.36,0.04,1,0,22,3.7,7.9
TD-00039,analytics-etl,analytics-etl/services/core/cache_adapter_9.py,Tier_3,Python,Data/BI,legacy_hotspot,2522,198,284,35,24.11,1,10,39.33,1180,48,17,0.844,46.9,0.614,5.53,0.151,6,7,211,33.1,70.7
TD-00040,internal-admin-portal,internal-admin-portal/src/components/forms/client_pool_4.tsx,Tier_3,TypeScript,Backoffice,legacy_hotspot,2329,82,137,28,33.5,1,36,48.77,1618,47,9,0.856,78.9,0.264,34.43,0.361,6,1,181,36.5,76.2
TD-00041,inventory-worker,inventory-worker/tasks/workers/rule_engine_7.py,Tier_2,Python,Supply Chain,legacy_hotspot,3642,86,108,36,47.69,0,22,53.84,2023,74,14,0.935,77.9,0.459,33.52,0.189,4,2,118,55.9,77.9
TD-00042,order-management,order-management/src/main/java/com/platform/repository/exporter_6.java,Tier_1,Java,Core Business,average,911,13,17,15,4.08,0,19,18.16,227,12,4,0.432,12.2,0.195,48.85,0.074,0,0,62,10.5,16.6
TD-00043,internal-admin-portal,internal-admin-portal/src/pages/admin/rule_engine_11.tsx,Tier_3,TypeScript,Backoffice,legacy_hotspot,3123,69,85,105,25.81,0,10,44.42,1006,85,17,0.805,92.2,0.291,33.04,0.268,7,2,208,50.6,75.0
TD-00044,analytics-etl,analytics-etl/services/core/validator_12.py,Tier_3,Python,Data/BI,dormant_legacy,2376,39,54,34,19.32,0,18,30.19,95,0,1,0.103,37.5,0.244,21.49,0.08,0,0,15,12.9,4.5
TD-00045,inventory-worker,inventory-worker/handlers/api/processor_8.py,Tier_2,Python,Supply Chain,healthy_active,602,4,4,2,4.92,0,3,0.17,530,31,4,0.478,16.0,0.098,78.71,0.044,0,0,34,4.9,5.9
TD-00046,batch-reporting-service,batch-reporting-service/src/main/java/com/platform/service/validator_16.java,Tier_3,Java,Reporting,legacy_hotspot,2852,44,53,43,32.43,2,27,74.29,1009,74,14,0.66,91.7,0.271,22.4,0.319,7,5,165,50.6,29.5
TD-00047,auth-service,auth-service/internal/middleware/exporter_5.go,Tier_1,Go,Security/IAM,healthy_active,403,4,3,2,1.14,0,10,14.62,318,51,2,0.536,6.4,0.116,85.49,0.069,0,0,43,4.0,4.8
TD-00048,order-management,order-management/src/main/java/com/platform/util/client_pool_6.java,Tier_1,Java,Core Business,healthy_active,500,17,19,5,3.28,0,5,8.89,478,51,2,0.253,14.0,0.111,81.23,0.027,1,0,22,6.8,4.4
TD-00049,inventory-worker,inventory-worker/tasks/workers/state_machine_20.py,Tier_2,Python,Supply Chain,healthy_active,435,4,3,0,1.96,0,11,5.99,1282,75,4,0.553,10.2,0.053,86.08,0.057,0,0,56,7.6,2.8
TD-00050,search-indexer,search-indexer/src/main/scala/engine/parser_18.scala,Tier_2,Scala,Search/Discovery,dormant_legacy,835,81,111,43,20.96,0,18,22.85,29,3,1,0.014,15.4,0.14,47.69,0.061,0,0,94,16.3,6.5
TD-00051,user-profile-api,user-profile-api/models/data/router_12.py,Tier_2,Python,User Management,healthy_active,342,15,14,1,1.01,0,9,2.44,708,31,7,0.302,13.3,0.118,84.74,0.011,0,0,39,6.6,7.1
TD-00052,analytics-etl,analytics-etl/tasks/workers/legacy_sync_4.py,Tier_3,Python,Data/BI,average,929,26,32,8,12.0,0,19,26.45,240,13,2,0.498,29.7,0.203,57.12,0.079,4,1,76,9.7,13.6
TD-00053,user-profile-api,user-profile-api/handlers/api/validator_11.py,Tier_2,Python,User Management,dormant_legacy,833,41,46,12,24.04,1,18,45.02,52,3,0,0.285,15.0,0.08,33.43,0.052,0,0,91,12.1,9.5
TD-00054,payment-gateway,payment-gateway/internal/middleware/client_pool_8.go,Tier_1,Go,Fintech/Checkout,healthy_active,1152,7,8,0,3.27,0,5,0.9,526,51,6,0.314,8.3,0.1,87.7,0.032,0,0,25,3.3,1.9
TD-00055,batch-reporting-service,batch-reporting-service/src/main/java/com/platform/controller/processor_3.java,Tier_3,Java,Reporting,healthy_active,546,10,11,4,1.28,0,6,6.37,284,34,4,0.201,12.9,0.072,88.68,0.066,0,0,46,1.4,3.5
TD-00056,payment-gateway,payment-gateway/internal/service/validator_2.go,Tier_1,Go,Fintech/Checkout,dormant_legacy,1549,67,95,31,11.59,0,9,28.4,52,0,1,0.008,30.0,0.171,34.13,0.05,0,0,102,11.5,11.9
TD-00057,notification-dispatcher,notification-dispatcher/src/routes/client_pool_8.js,Tier_2,Node.js,Communications,healthy_active,359,3,2,3,4.09,0,6,10.87,243,51,2,0.438,9.6,0.057,84.18,0.053,0,0,39,0.6,5.5
TD-00058,inventory-worker,inventory-worker/utils/helpers/aggregator_18.py,Tier_2,Python,Supply Chain,healthy_active,307,8,8,3,3.31,0,3,14.93,829,58,6,0.27,13.7,0.04,87.64,0.017,0,0,17,6.0,3.4
TD-00059,order-management,order-management/src/main/java/com/platform/util/aggregator_16.java,Tier_1,Java,Core Business,dormant_legacy,1740,53,69,36,10.14,1,5,50.42,10,3,0,0.08,21.6,0.126,27.12,0.051,0,0,90,8.6,11.4
TD-00060,search-indexer,search-indexer/src/main/scala/engine/validator_4.scala,Tier_2,Scala,Search/Discovery,dormant_legacy,2265,72,98,9,25.31,0,11,35.23,29,1,0,0.121,39.3,0.178,43.79,0.037,2,0,67,14.9,3.7
TD-00061,search-indexer,search-indexer/src/main/scala/index/router_14.scala,Tier_2,Scala,Search/Discovery,dormant_legacy,1447,53,67,32,20.15,0,10,20.02,34,2,0,0.198,17.4,0.092,31.96,0.118,1,0,83,7.2,2.7
TD-00062,analytics-etl,analytics-etl/services/core/query_builder_4.py,Tier_3,Python,Data/BI,healthy_active,767,6,7,0,1.16,0,14,4.59,742,99,5,0.362,13.2,0.055,87.46,0.044,0,0,39,2.0,1.9
TD-00063,payment-gateway,payment-gateway/pkg/client/cache_adapter_11.go,Tier_1,Go,Fintech/Checkout,average,1632,16,17,8,14.01,0,10,30.04,399,8,2,0.338,25.2,0.144,70.33,0.052,1,0,66,13.3,11.5
TD-00064,auth-service,auth-service/internal/service/aggregator_7.go,Tier_1,Go,Security/IAM,average,643,23,23,4,14.09,0,17,29.53,458,11,3,0.435,22.8,0.112,71.68,0.094,1,1,57,8.5,16.4
TD-00065,internal-admin-portal,internal-admin-portal/src/state/manager_14.tsx,Tier_3,TypeScript,Backoffice,average,367,15,17,6,11.94,0,16,20.3,280,10,5,0.324,22.2,0.092,60.44,0.148,1,1,52,9.0,19.4
TD-00066,order-management,order-management/src/main/java/com/platform/repository/legacy_sync_8.java,Tier_1,Java,Core Business,average,616,13,16,8,15.04,0,21,26.41,197,19,2,0.625,17.4,0.132,57.96,0.093,2,0,74,17.0,10.0
TD-00067,auth-service,auth-service/pkg/client/exporter_18.go,Tier_1,Go,Security/IAM,average,1156,19,24,10,6.17,0,21,23.63,148,10,5,0.315,16.0,0.098,66.78,0.138,0,0,79,15.6,14.3
TD-00068,auth-service,auth-service/pkg/handler/query_builder_18.go,Tier_1,Go,Security/IAM,dormant_legacy,2585,65,91,22,13.92,1,5,33.9,10,3,1,0.23,20.7,0.198,43.53,0.1,1,0,125,15.9,10.3
TD-00069,payment-gateway,payment-gateway/pkg/handler/parser_8.go,Tier_1,Go,Fintech/Checkout,healthy_active,741,17,16,2,4.98,0,6,5.78,991,32,7,0.365,13.7,0.02,89.15,0.035,1,0,41,4.7,4.4
TD-00070,order-management,order-management/src/main/java/com/platform/util/legacy_sync_16.java,Tier_1,Java,Core Business,healthy_active,566,16,16,5,4.02,0,14,12.38,377,41,7,0.593,6.9,0.103,87.37,0.036,0,0,26,3.0,1.4
TD-00071,user-profile-api,user-profile-api/utils/helpers/parser_2.py,Tier_2,Python,User Management,average,588,17,21,14,12.23,1,17,19.6,462,9,2,0.498,35.5,0.103,66.01,0.11,3,0,61,13.3,12.5
TD-00072,order-management,order-management/src/main/java/com/platform/util/processor_13.java,Tier_1,Java,Core Business,healthy_active,559,16,17,1,4.55,0,10,10.94,684,47,5,0.463,17.4,0.027,79.03,0.03,0,0,24,2.0,7.3
TD-00073,inventory-worker,inventory-worker/utils/helpers/dispatcher_14.py,Tier_2,Python,Supply Chain,healthy_active,333,14,13,3,0.17,0,6,9.3,204,56,7,0.56,4.3,0.086,95.34,0.049,1,0,19,5.8,7.9
TD-00074,internal-admin-portal,internal-admin-portal/src/state/manager_7.tsx,Tier_3,TypeScript,Backoffice,healthy_active,596,11,13,3,1.75,0,11,0.33,281,30,2,0.409,5.6,0.106,91.01,0.015,0,0,33,4.3,1.6
TD-00075,inventory-worker,inventory-worker/handlers/api/processor_19.py,Tier_2,Python,Supply Chain,average,699,24,31,15,4.75,0,17,18.9,247,9,5,0.491,30.2,0.186,45.54,0.055,1,0,99,21.3,13.8
TD-00076,internal-admin-portal,internal-admin-portal/src/pages/admin/cache_adapter_11.tsx,Tier_3,TypeScript,Backoffice,legacy_hotspot,4402,65,92,25,26.31,0,14,82.87,1371,39,7,0.741,49.2,0.507,10.66,0.371,7,2,140,37.7,65.3
TD-00077,payment-gateway,payment-gateway/pkg/handler/rule_engine_16.go,Tier_1,Go,Fintech/Checkout,dormant_legacy,1063,80,91,44,23.75,0,9,47.99,104,1,1,0.256,17.2,0.222,43.67,0.09,1,0,96,15.7,6.6
TD-00078,internal-admin-portal,internal-admin-portal/src/components/forms/processor_17.tsx,Tier_3,TypeScript,Backoffice,dormant_legacy,708,71,84,32,16.35,0,15,52.56,7,2,1,0.343,29.8,0.075,38.67,0.062,1,0,127,16.1,4.3
TD-00079,auth-service,auth-service/internal/service/validator_20.go,Tier_1,Go,Security/IAM,healthy_active,742,8,8,4,0.17,0,7,6.12,687,45,5,0.466,7.6,0.111,90.07,0.049,0,0,17,6.9,4.8
TD-00080,auth-service,auth-service/internal/service/router_4.go,Tier_1,Go,Security/IAM,average,774,19,19,9,7.36,1,8,34.32,136,7,2,0.594,35.6,0.167,61.78,0.115,2,0,35,19.5,7.0
TD-00081,batch-reporting-service,batch-reporting-service/src/main/java/com/platform/controller/rule_engine_20.java,Tier_3,Java,Reporting,healthy_active,379,4,4,5,1.7,0,10,2.78,625,55,4,0.307,15.0,0.077,89.86,0.028,0,0,28,3.9,6.2
TD-00082,payment-gateway,payment-gateway/internal/middleware/validator_14.go,Tier_1,Go,Fintech/Checkout,legacy_hotspot,2690,58,75,44,46.13,1,34,67.16,1353,37,16,0.97,45.9,0.359,20.08,0.395,5,1,196,33.4,50.8
TD-00083,batch-reporting-service,batch-reporting-service/src/main/java/com/platform/repository/parser_9.java,Tier_3,Java,Reporting,healthy_active,397,6,5,4,2.69,0,3,0.11,1609,63,7,0.359,4.6,0.048,92.7,0.03,1,0,29,7.0,5.0
TD-00084,user-profile-api,user-profile-api/models/data/aggregator_9.py,Tier_2,Python,User Management,legacy_hotspot,2201,103,139,54,22.68,2,37,74.27,1387,51,17,0.914,73.1,0.287,24.27,0.274,10,1,180,50.9,54.1
TD-00085,search-indexer,search-indexer/src/main/scala/engine/query_builder_10.scala,Tier_2,Scala,Search/Discovery,average,1037,22,26,13,14.92,1,20,18.58,428,13,3,0.596,28.6,0.14,65.19,0.073,1,0,80,20.0,18.8
TD-00086,analytics-etl,analytics-etl/models/data/parser_3.py,Tier_3,Python,Data/BI,dormant_legacy,788,80,110,14,11.42,1,5,67.33,23,1,1,0.133,12.2,0.127,42.71,0.097,0,0,126,12.5,7.6
TD-00087,payment-gateway,payment-gateway/pkg/client/rule_engine_19.go,Tier_1,Go,Fintech/Checkout,legacy_hotspot,2690,97,128,44,23.28,0,30,42.35,1716,84,15,0.83,34.0,0.493,9.15,0.129,8,5,144,42.8,62.3
TD-00088,auth-service,auth-service/pkg/handler/client_pool_7.go,Tier_1,Go,Security/IAM,legacy_hotspot,2260,71,116,59,23.73,2,28,37.08,1111,62,6,0.694,68.3,0.49,16.02,0.248,5,3,119,51.4,52.1
TD-00089,internal-admin-portal,internal-admin-portal/src/hooks/manager_12.tsx,Tier_3,TypeScript,Backoffice,healthy_active,1597,13,13,0,1.81,0,3,12.98,919,66,5,0.523,10.7,0.12,79.07,0.01,0,0,31,2.4,2.7
TD-00090,auth-service,auth-service/internal/service/session_handler_10.go,Tier_1,Go,Security/IAM,average,601,18,18,9,12.25,0,11,23.18,562,13,5,0.557,24.7,0.191,74.72,0.064,1,0,96,8.6,10.8
TD-00091,order-management,order-management/src/main/java/com/platform/util/state_machine_18.java,Tier_1,Java,Core Business,average,897,20,26,7,12.4,0,12,22.19,225,10,4,0.422,14.7,0.193,73.43,0.049,2,0,55,15.0,17.1
TD-00092,inventory-worker,inventory-worker/tasks/workers/exporter_17.py,Tier_2,Python,Supply Chain,healthy_active,540,14,16,2,4.02,0,10,6.08,502,53,2,0.288,4.5,0.041,85.49,0.063,0,0,41,3.6,6.8
TD-00093,payment-gateway,payment-gateway/internal/middleware/dispatcher_4.go,Tier_1,Go,Fintech/Checkout,healthy_active,165,7,7,5,2.82,0,6,2.14,1327,41,3,0.53,14.1,0.047,85.24,0.017,0,0,17,6.3,6.0
TD-00094,order-management,order-management/src/main/java/com/platform/repository/validator_4.java,Tier_1,Java,Core Business,healthy_active,573,14,15,4,4.65,0,11,5.4,827,34,4,0.374,16.7,0.058,95.35,0.016,0,0,15,5.1,5.9
TD-00095,internal-admin-portal,internal-admin-portal/src/components/forms/dispatcher_10.tsx,Tier_3,TypeScript,Backoffice,legacy_hotspot,3631,128,226,30,40.15,2,19,31.29,1922,94,5,0.859,80.4,0.251,33.2,0.172,11,2,146,50.8,78.6
TD-00096,batch-reporting-service,batch-reporting-service/src/main/java/com/platform/controller/cache_adapter_11.java,Tier_3,Java,Reporting,healthy_active,442,13,13,0,4.12,0,8,7.74,832,34,3,0.208,5.7,0.061,86.87,0.038,0,0,34,3.7,7.7
TD-00097,user-profile-api,user-profile-api/models/data/client_pool_16.py,Tier_2,Python,User Management,healthy_active,837,10,9,3,0.63,0,7,1.15,397,27,6,0.337,14.3,0.042,89.55,0.05,0,0,30,5.3,4.8
TD-00098,inventory-worker,inventory-worker/services/core/validator_14.py,Tier_2,Python,Supply Chain,average,1125,19,22,9,5.83,1,18,15.71,234,11,5,0.32,35.0,0.212,68.56,0.159,2,0,37,11.2,8.7
TD-00099,inventory-worker,inventory-worker/services/core/processor_11.py,Tier_2,Python,Supply Chain,healthy_active,322,7,7,3,1.94,0,14,9.64,1045,29,7,0.225,6.1,0.021,89.36,0.041,0,0,35,1.9,4.5
TD-00100,order-management,order-management/src/main/java/com/platform/repository/manager_15.java,Tier_1,Java,Core Business,legacy_hotspot,3492,69,100,26,42.37,5,22,56.63,1194,49,15,0.978,76.4,0.642,23.36,0.193,7,8,173,41.7,64.5
TD-00101,internal-admin-portal,internal-admin-portal/src/state/client_pool_1.tsx,Tier_3,TypeScript,Backoffice,legacy_hotspot,1757,84,101,88,45.34,0,20,27.76,1101,77,9,0.791,30.0,0.442,26.52,0.153,6,3,76,52.6,38.8
TD-00102,auth-service,auth-service/pkg/handler/parser_5.go,Tier_1,Go,Security/IAM,dormant_legacy,950,68,77,11,8.86,0,6,53.98,34,3,0,0.252,27.8,0.136,26.42,0.129,0,0,132,15.7,10.9
TD-00103,internal-admin-portal,internal-admin-portal/src/pages/admin/state_machine_12.tsx,Tier_3,TypeScript,Backoffice,dormant_legacy,1063,35,47,12,19.04,0,12,22.38,14,0,1,0.123,35.1,0.153,31.22,0.026,0,1,118,11.9,7.9
TD-00104,batch-reporting-service,batch-reporting-service/src/main/java/com/platform/controller/router_5.java,Tier_3,Java,Reporting,dormant_legacy,1061,66,84,18,23.38,0,17,41.13,14,1,0,0.249,34.9,0.086,27.98,0.137,3,0,72,12.1,9.1
TD-00105,payment-gateway,payment-gateway/pkg/storage/session_handler_2.go,Tier_1,Go,Fintech/Checkout,average,1041,20,22,7,11.59,0,10,12.56,266,13,4,0.429,34.4,0.196,65.92,0.126,2,0,61,19.3,8.7
TD-00106,notification-dispatcher,notification-dispatcher/src/controllers/query_builder_8.js,Tier_2,Node.js,Communications,dormant_legacy,2022,74,96,14,25.63,0,23,59.11,24,1,1,0.216,35.6,0.07,34.56,0.085,1,0,36,11.3,3.2
TD-00107,auth-service,auth-service/pkg/storage/exporter_18.go,Tier_1,Go,Security/IAM,healthy_active,567,14,13,5,3.36,0,7,1.06,650,42,5,0.275,4.3,0.059,81.45,0.039,1,0,36,7.0,5.2
TD-00108,search-indexer,search-indexer/src/main/scala/pipeline/cache_adapter_5.scala,Tier_2,Scala,Search/Discovery,dormant_legacy,930,55,76,24,26.74,1,24,33.89,21,1,1,0.182,17.0,0.244,18.97,0.072,1,0,39,9.5,6.0
TD-00109,user-profile-api,user-profile-api/handlers/api/exporter_6.py,Tier_2,Python,User Management,dormant_legacy,1134,56,63,25,30.83,0,24,49.95,88,1,1,0.338,19.0,0.185,39.73,0.099,0,0,127,12.8,10.7
TD-00110,search-indexer,search-indexer/src/main/scala/engine/manager_11.scala,Tier_2,Scala,Search/Discovery,healthy_active,609,11,10,0,0.08,0,6,14.04,817,42,7,0.275,13.4,0.118,79.83,0.011,0,0,37,7.3,4.0
TD-00111,search-indexer,search-indexer/src/main/scala/pipeline/state_machine_8.scala,Tier_2,Scala,Search/Discovery,healthy_active,1119,12,13,4,0.46,0,3,12.28,1111,28,2,0.469,5.1,0.115,93.09,0.066,2,0,16,1.6,5.3
TD-00112,inventory-worker,inventory-worker/handlers/api/exporter_4.py,Tier_2,Python,Supply Chain,legacy_hotspot,3543,89,121,64,44.23,2,33,72.24,1883,59,11,0.796,72.2,0.625,6.18,0.351,4,2,195,28.7,67.0
TD-00113,search-indexer,search-indexer/src/main/scala/engine/state_machine_16.scala,Tier_2,Scala,Search/Discovery,healthy_active,372,7,7,3,3.32,0,9,10.81,449,70,5,0.3,11.2,0.074,84.42,0.035,1,0,32,2.5,7.4
TD-00114,user-profile-api,user-profile-api/handlers/api/state_machine_15.py,Tier_2,Python,User Management,healthy_active,605,3,2,4,1.96,0,5,12.43,676,19,5,0.544,14.5,0.064,88.99,0.021,0,0,40,1.8,1.8
TD-00115,notification-dispatcher,notification-dispatcher/src/services/state_machine_8.js,Tier_2,Node.js,Communications,legacy_hotspot,3643,115,143,41,15.79,0,18,37.71,1535,53,9,0.722,93.3,0.497,22.93,0.236,7,4,130,46.2,31.4
TD-00116,user-profile-api,user-profile-api/services/core/query_builder_7.py,Tier_2,Python,User Management,dormant_legacy,1234,49,62,27,27.03,0,7,48.03,87,0,1,0.253,27.0,0.217,43.75,0.13,0,0,119,15.3,6.5
TD-00117,search-indexer,search-indexer/src/main/scala/index/dispatcher_3.scala,Tier_2,Scala,Search/Discovery,healthy_active,451,16,17,1,4.51,0,4,1.0,503,60,5,0.418,17.7,0.065,87.24,0.079,0,0,27,5.8,5.3
TD-00118,inventory-worker,inventory-worker/models/data/query_builder_17.py,Tier_2,Python,Supply Chain,dormant_legacy,1216,49,61,29,23.17,0,19,22.43,41,0,1,0.192,26.6,0.12,38.71,0.119,0,0,65,13.6,5.5
TD-00119,search-indexer,search-indexer/src/main/scala/pipeline/state_machine_18.scala,Tier_2,Scala,Search/Discovery,legacy_hotspot,3275,52,89,89,26.94,2,25,37.14,1444,49,15,0.889,78.7,0.473,23.88,0.157,10,3,129,47.9,70.3
TD-00120,notification-dispatcher,notification-dispatcher/src/routes/validator_9.js,Tier_2,Node.js,Communications,average,1384,15,17,15,6.61,0,11,10.84,202,12,3,0.533,19.8,0.206,71.64,0.079,4,0,79,8.9,7.3
TD-00121,order-management,order-management/src/main/java/com/platform/repository/processor_4.java,Tier_1,Java,Core Business,average,1059,26,29,4,15.53,1,10,29.59,80,7,3,0.305,30.3,0.167,67.87,0.045,2,0,82,20.1,14.2
TD-00122,batch-reporting-service,batch-reporting-service/src/main/java/com/platform/util/session_handler_11.java,Tier_3,Java,Reporting,healthy_active,525,13,13,2,4.34,0,13,13.94,696,53,4,0.58,15.7,0.056,93.55,0.018,1,0,43,0.4,5.5
TD-00123,search-indexer,search-indexer/src/main/scala/pipeline/client_pool_4.scala,Tier_2,Scala,Search/Discovery,healthy_active,613,8,8,0,4.19,0,4,0.29,750,69,7,0.474,16.7,0.084,95.16,0.072,0,0,39,0.6,6.2
TD-00124,search-indexer,search-indexer/src/main/scala/pipeline/aggregator_9.scala,Tier_2,Scala,Search/Discovery,healthy_active,433,3,3,3,1.23,0,13,3.17,634,39,2,0.599,4.4,0.11,89.21,0.078,0,0,37,6.8,1.4
TD-00125,payment-gateway,payment-gateway/pkg/client/processor_17.go,Tier_1,Go,Fintech/Checkout,average,771,25,28,14,13.47,0,15,15.73,83,8,4,0.352,35.4,0.186,74.03,0.093,0,1,65,12.6,10.2
TD-00126,internal-admin-portal,internal-admin-portal/src/components/forms/session_handler_14.tsx,Tier_3,TypeScript,Backoffice,dormant_legacy,1258,45,65,29,9.99,0,15,48.17,24,3,1,0.05,29.5,0.105,32.07,0.031,0,0,99,15.7,2.6
TD-00127,auth-service,auth-service/pkg/storage/rule_engine_11.go,Tier_1,Go,Security/IAM,healthy_active,178,10,10,1,1.57,0,9,12.6,309,34,5,0.393,15.7,0.056,93.48,0.038,0,0,50,1.0,2.4
TD-00128,auth-service,auth-service/pkg/storage/client_pool_10.go,Tier_1,Go,Security/IAM,legacy_hotspot,4842,146,195,20,17.08,1,37,34.92,1795,59,9,0.97,66.8,0.307,16.73,0.343,7,3,143,34.2,25.0
TD-00129,search-indexer,search-indexer/src/main/scala/index/router_10.scala,Tier_2,Scala,Search/Discovery,average,1409,12,14,4,7.53,0,16,11.0,376,12,4,0.383,33.8,0.146,58.99,0.131,0,0,108,22.0,16.8
TD-00130,internal-admin-portal,internal-admin-portal/src/components/forms/aggregator_14.tsx,Tier_3,TypeScript,Backoffice,average,660,15,19,7,10.12,0,12,25.66,122,13,5,0.625,35.9,0.191,67.61,0.066,1,1,74,16.6,8.8
TD-00131,search-indexer,search-indexer/src/main/scala/pipeline/cache_adapter_6.scala,Tier_2,Scala,Search/Discovery,healthy_active,298,7,7,5,1.83,0,8,0.29,781,75,4,0.317,8.7,0.049,78.75,0.055,0,0,36,5.2,2.3
TD-00132,batch-reporting-service,batch-reporting-service/src/main/java/com/platform/repository/router_18.java,Tier_3,Java,Reporting,healthy_active,254,3,2,1,2.28,0,12,10.74,886,73,4,0.257,8.4,0.105,79.6,0.079,0,0,21,1.3,2.7
TD-00133,payment-gateway,payment-gateway/pkg/storage/dispatcher_7.go,Tier_1,Go,Fintech/Checkout,dormant_legacy,1141,26,28,12,15.06,0,20,59.21,60,0,0,0.087,32.1,0.221,27.49,0.118,0,0,85,14.5,11.4
TD-00134,search-indexer,search-indexer/src/main/scala/pipeline/rule_engine_11.scala,Tier_2,Scala,Search/Discovery,average,708,15,16,13,7.6,0,19,25.81,320,14,2,0.424,13.1,0.111,45.46,0.11,0,1,107,13.8,13.8
TD-00135,analytics-etl,analytics-etl/utils/helpers/legacy_sync_7.py,Tier_3,Python,Data/BI,legacy_hotspot,3462,66,93,50,44.25,2,17,26.95,971,45,14,0.897,66.2,0.348,18.4,0.342,4,1,163,26.0,53.8
TD-00136,internal-admin-portal,internal-admin-portal/src/state/exporter_6.tsx,Tier_3,TypeScript,Backoffice,average,908,17,20,11,5.9,0,11,15.23,239,10,4,0.377,21.1,0.193,69.71,0.086,1,1,52,9.7,19.1
TD-00137,auth-service,auth-service/pkg/storage/client_pool_20.go,Tier_1,Go,Security/IAM,healthy_active,1216,8,8,1,4.86,0,3,13.92,461,51,4,0.218,13.7,0.085,82.17,0.058,1,0,28,7.2,7.7
TD-00138,notification-dispatcher,notification-dispatcher/src/routes/state_machine_8.js,Tier_2,Node.js,Communications,average,2015,26,30,7,10.68,0,21,11.05,731,16,5,0.608,25.4,0.112,60.07,0.128,1,1,97,13.6,16.5
TD-00139,inventory-worker,inventory-worker/handlers/api/exporter_7.py,Tier_2,Python,Supply Chain,healthy_active,1065,15,16,5,2.7,0,12,3.56,446,41,3,0.406,8.3,0.077,83.85,0.013,0,0,50,0.1,7.8
TD-00140,order-management,order-management/src/main/java/com/platform/service/processor_8.java,Tier_1,Java,Core Business,dormant_legacy,1632,86,128,19,22.48,1,5,41.55,14,0,0,0.147,25.9,0.233,42.17,0.037,1,0,71,14.4,8.9
TD-00141,analytics-etl,analytics-etl/tasks/workers/state_machine_3.py,Tier_3,Python,Data/BI,legacy_hotspot,2218,83,146,45,21.52,0,11,80.59,1060,62,5,0.933,77.7,0.629,30.57,0.208,6,0,269,51.3,32.3
TD-00142,analytics-etl,analytics-etl/utils/helpers/parser_19.py,Tier_3,Python,Data/BI,dormant_legacy,1331,38,46,20,12.64,0,19,63.53,28,3,1,0.263,13.4,0.149,30.47,0.063,0,0,97,15.5,9.6
TD-00143,user-profile-api,user-profile-api/utils/helpers/legacy_sync_13.py,Tier_2,Python,User Management,legacy_hotspot,2052,54,66,45,18.96,2,38,45.69,1131,49,9,0.729,73.7,0.58,26.89,0.351,6,1,143,59.7,33.6
TD-00144,user-profile-api,user-profile-api/handlers/api/query_builder_1.py,Tier_2,Python,User Management,average,1286,16,20,14,8.93,0,17,26.63,831,19,4,0.398,15.1,0.094,63.1,0.103,0,0,70,14.9,8.7
TD-00145,auth-service,auth-service/pkg/client/aggregator_6.go,Tier_1,Go,Security/IAM,healthy_active,697,5,4,1,3.37,0,5,4.86,896,79,5,0.201,9.3,0.034,78.33,0.042,1,0,47,2.0,5.6
TD-00146,internal-admin-portal,internal-admin-portal/src/state/processor_18.tsx,Tier_3,TypeScript,Backoffice,legacy_hotspot,2154,95,147,31,34.42,3,25,26.67,1207,111,14,0.859,82.8,0.409,31.4,0.286,3,3,60,53.0,72.5
TD-00147,user-profile-api,user-profile-api/services/core/legacy_sync_5.py,Tier_2,Python,User Management,healthy_active,488,15,17,0,1.54,0,6,9.22,254,50,6,0.465,12.9,0.079,78.29,0.061,0,0,41,2.7,1.9
TD-00148,analytics-etl,analytics-etl/tasks/workers/client_pool_20.py,Tier_3,Python,Data/BI,average,912,15,18,14,7.59,1,10,27.8,367,7,3,0.305,25.0,0.199,73.73,0.108,1,0,98,13.4,9.4
TD-00149,notification-dispatcher,notification-dispatcher/src/lib/rule_engine_17.js,Tier_2,Node.js,Communications,dormant_legacy,1401,57,85,47,15.34,0,24,54.11,42,2,0,0.221,15.6,0.166,39.27,0.111,2,0,54,5.3,4.8
TD-00150,search-indexer,search-indexer/src/main/scala/pipeline/legacy_sync_6.scala,Tier_2,Scala,Search/Discovery,healthy_active,437,12,12,2,2.39,0,13,4.17,713,61,7,0.219,8.1,0.113,87.42,0.029,0,0,39,4.8,5.6
TD-00151,analytics-etl,analytics-etl/utils/helpers/dispatcher_8.py,Tier_3,Python,Data/BI,legacy_hotspot,2786,67,101,75,45.27,5,38,67.13,2036,42,17,0.751,53.2,0.47,30.86,0.209,6,1,115,29.0,76.8
TD-00152,inventory-worker,inventory-worker/tasks/workers/legacy_sync_8.py,Tier_2,Python,Supply Chain,healthy_active,1016,12,11,0,4.7,0,8,2.03,1160,33,3,0.361,8.7,0.033,85.05,0.021,0,0,27,1.7,1.4
TD-00153,inventory-worker,inventory-worker/utils/helpers/validator_10.py,Tier_2,Python,Supply Chain,healthy_active,888,5,4,3,0.4,0,13,8.89,504,37,4,0.373,12.3,0.028,94.91,0.063,0,0,57,6.6,6.5
TD-00154,user-profile-api,user-profile-api/models/data/session_handler_11.py,Tier_2,Python,User Management,average,988,16,16,13,9.78,1,11,25.45,58,10,2,0.305,17.4,0.159,55.55,0.113,0,0,65,14.4,16.5
TD-00155,internal-admin-portal,internal-admin-portal/src/pages/admin/manager_5.tsx,Tier_3,TypeScript,Backoffice,average,751,15,17,11,10.66,1,11,21.65,104,9,4,0.387,32.8,0.103,57.45,0.042,1,1,79,12.0,17.7
TD-00156,user-profile-api,user-profile-api/utils/helpers/cache_adapter_5.py,Tier_2,Python,User Management,dormant_legacy,1638,41,51,20,19.39,0,7,23.56,50,0,0,0.307,27.6,0.242,16.7,0.033,0,0,153,5.6,11.5
TD-00157,user-profile-api,user-profile-api/services/core/router_14.py,Tier_2,Python,User Management,dormant_legacy,834,54,74,40,8.1,1,23,36.56,3,0,1,0.229,28.2,0.054,49.6,0.025,1,1,89,7.2,2.5
TD-00158,notification-dispatcher,notification-dispatcher/src/queues/legacy_sync_14.js,Tier_2,Node.js,Communications,dormant_legacy,1038,56,71,51,15.8,1,18,61.53,78,0,0,0.143,39.4,0.086,42.97,0.063,1,0,103,16.3,2.6
TD-00159,payment-gateway,payment-gateway/internal/service/state_machine_14.go,Tier_1,Go,Fintech/Checkout,legacy_hotspot,4004,42,75,55,16.79,0,32,59.31,974,59,6,0.871,60.9,0.417,16.17,0.286,7,2,114,37.4,67.9
TD-00160,search-indexer,search-indexer/src/main/scala/pipeline/cache_adapter_1.scala,Tier_2,Scala,Search/Discovery,healthy_active,635,12,12,4,2.44,0,9,4.76,355,52,4,0.314,14.3,0.022,88.53,0.076,0,0,26,5.0,4.9
TD-00161,batch-reporting-service,batch-reporting-service/src/main/java/com/platform/util/legacy_sync_1.java,Tier_3,Java,Reporting,healthy_active,510,14,13,1,4.45,0,4,9.4,594,23,3,0.272,7.8,0.04,82.44,0.031,0,0,43,4.7,4.0
TD-00162,notification-dispatcher,notification-dispatcher/src/services/exporter_13.js,Tier_2,Node.js,Communications,legacy_hotspot,2844,67,113,32,35.38,2,18,42.61,961,42,8,0.836,73.1,0.522,35.68,0.399,5,2,138,55.1,52.5
TD-00163,search-indexer,search-indexer/src/main/scala/pipeline/cache_adapter_18.scala,Tier_2,Scala,Search/Discovery,dormant_legacy,1850,70,82,25,15.28,1,22,36.43,36,0,1,0.338,24.0,0.176,40.41,0.068,0,0,121,10.2,2.1
TD-00164,batch-reporting-service,batch-reporting-service/src/main/java/com/platform/controller/legacy_sync_8.java,Tier_3,Java,Reporting,average,999,23,31,10,5.72,0,9,19.42,327,13,5,0.47,14.6,0.115,54.51,0.137,1,1,78,10.1,15.7
TD-00165,inventory-worker,inventory-worker/utils/helpers/legacy_sync_1.py,Tier_2,Python,Supply Chain,healthy_active,521,12,11,5,1.56,0,5,2.66,190,30,7,0.577,16.2,0.049,92.1,0.066,1,0,33,0.7,5.5
TD-00166,search-indexer,search-indexer/src/main/scala/index/query_builder_13.scala,Tier_2,Scala,Search/Discovery,average,1397,27,36,15,6.33,1,15,23.72,358,19,2,0.461,31.9,0.196,66.28,0.053,3,1,52,18.2,7.6
TD-00167,order-management,order-management/src/main/java/com/platform/util/parser_5.java,Tier_1,Java,Core Business,average,763,15,16,6,11.56,1,7,29.39,129,5,2,0.642,20.9,0.13,55.32,0.102,2,0,63,9.9,19.8
TD-00168,batch-reporting-service,batch-reporting-service/src/main/java/com/platform/service/parser_13.java,Tier_3,Java,Reporting,healthy_active,494,7,7,5,0.98,0,4,9.73,306,18,6,0.464,14.4,0.051,93.22,0.028,0,0,46,3.8,7.0
TD-00169,batch-reporting-service,batch-reporting-service/src/main/java/com/platform/service/validator_14.java,Tier_3,Java,Reporting,healthy_active,219,15,14,5,4.38,0,9,13.93,612,42,4,0.498,14.0,0.043,91.49,0.074,0,0,24,1.9,6.3
TD-00170,order-management,order-management/src/main/java/com/platform/util/manager_2.java,Tier_1,Java,Core Business,healthy_active,262,13,14,1,4.39,0,4,12.99,666,41,7,0.299,11.5,0.119,93.44,0.017,0,0,20,6.6,3.4
TD-00171,inventory-worker,inventory-worker/utils/helpers/session_handler_7.py,Tier_2,Python,Supply Chain,legacy_hotspot,1890,65,85,23,25.57,3,29,73.47,1561,103,5,0.748,48.3,0.378,9.59,0.339,4,0,166,56.8,35.5
TD-00172,analytics-etl,analytics-etl/models/data/session_handler_13.py,Tier_3,Python,Data/BI,average,1382,16,16,14,14.25,0,21,12.89,251,15,4,0.643,26.5,0.151,71.35,0.154,2,0,95,10.7,12.3
TD-00173,inventory-worker,inventory-worker/utils/helpers/dispatcher_3.py,Tier_2,Python,Supply Chain,healthy_active,825,12,11,1,1.1,0,3,0.6,541,48,4,0.579,6.0,0.096,79.96,0.079,0,0,28,5.0,2.3
TD-00174,analytics-etl,analytics-etl/services/core/cache_adapter_18.py,Tier_3,Python,Data/BI,average,1319,12,14,7,11.63,0,12,30.62,334,9,3,0.385,22.2,0.215,64.73,0.108,2,1,52,14.6,12.6
TD-00175,payment-gateway,payment-gateway/pkg/storage/aggregator_3.go,Tier_1,Go,Fintech/Checkout,healthy_active,276,17,18,2,0.28,0,7,5.41,476,45,2,0.236,16.8,0.021,86.71,0.019,0,0,20,7.4,2.1
TD-00176,payment-gateway,payment-gateway/pkg/handler/aggregator_7.go,Tier_1,Go,Fintech/Checkout,healthy_active,1077,4,4,3,4.58,0,4,3.02,580,38,5,0.22,7.6,0.067,82.09,0.062,1,0,37,3.6,4.4
TD-00177,payment-gateway,payment-gateway/internal/middleware/manager_8.go,Tier_1,Go,Fintech/Checkout,average,1495,26,33,4,14.18,0,9,29.78,318,18,3,0.491,13.0,0.184,58.38,0.042,0,0,49,16.7,12.7
TD-00178,order-management,order-management/src/main/java/com/platform/util/query_builder_4.java,Tier_1,Java,Core Business,dormant_legacy,1531,37,46,25,22.72,1,21,64.9,14,0,1,0.088,24.5,0.075,22.21,0.02,0,1,112,15.9,7.5
TD-00179,batch-reporting-service,batch-reporting-service/src/main/java/com/platform/controller/legacy_sync_9.java,Tier_3,Java,Reporting,healthy_active,1019,6,6,2,1.71,0,8,7.46,800,23,4,0.336,16.2,0.029,91.98,0.069,0,0,45,3.4,2.2
TD-00180,notification-dispatcher,notification-dispatcher/src/controllers/rule_engine_20.js,Tier_2,Node.js,Communications,dormant_legacy,2608,50,72,21,18.45,2,18,54.81,80,2,1,0.284,25.5,0.061,21.11,0.112,2,0,93,6.6,9.2
TD-00181,auth-service,auth-service/internal/service/dispatcher_4.go,Tier_1,Go,Security/IAM,legacy_hotspot,1923,50,81,35,21.27,2,19,51.17,998,133,5,0.673,88.8,0.405,13.79,0.323,6,1,133,36.4,62.0
TD-00182,batch-reporting-service,batch-reporting-service/src/main/java/com/platform/service/parser_10.java,Tier_3,Java,Reporting,legacy_hotspot,2386,48,79,76,21.19,3,19,28.72,1247,101,4,0.78,69.9,0.594,15.77,0.303,9,2,150,54.7,62.7
TD-00183,batch-reporting-service,batch-reporting-service/src/main/java/com/platform/util/router_7.java,Tier_3,Java,Reporting,legacy_hotspot,2162,61,93,43,14.3,1,12,76.12,1694,181,15,0.826,86.5,0.528,4.36,0.23,4,2,98,50.2,39.9
TD-00184,auth-service,auth-service/internal/middleware/cache_adapter_8.go,Tier_1,Go,Security/IAM,average,1821,14,15,7,13.08,0,16,27.39,208,11,2,0.458,18.1,0.142,70.42,0.065,3,1,39,8.5,13.1
TD-00185,auth-service,auth-service/pkg/storage/state_machine_20.go,Tier_1,Go,Security/IAM,healthy_active,336,4,4,1,2.44,0,12,5.45,670,29,6,0.572,6.9,0.1,91.29,0.014,0,0,22,2.3,3.1
TD-00186,auth-service,auth-service/internal/middleware/exporter_2.go,Tier_1,Go,Security/IAM,average,687,14,17,12,7.91,0,9,22.23,196,16,5,0.405,23.4,0.104,55.64,0.088,0,0,59,20.4,8.1
TD-00187,notification-dispatcher,notification-dispatcher/src/queues/router_12.js,Tier_2,Node.js,Communications,healthy_active,818,9,8,0,3.46,0,9,11.96,1253,42,2,0.487,12.1,0.1,93.56,0.042,0,0,38,5.6,1.6
TD-00188,auth-service,auth-service/internal/middleware/query_builder_11.go,Tier_1,Go,Security/IAM,healthy_active,541,17,19,1,4.13,0,7,0.93,392,30,6,0.543,8.3,0.039,80.32,0.031,1,0,18,1.8,2.2
TD-00189,payment-gateway,payment-gateway/pkg/client/state_machine_16.go,Tier_1,Go,Fintech/Checkout,average,778,24,24,13,9.52,0,17,27.64,126,18,2,0.568,13.9,0.087,45.58,0.063,2,0,71,15.9,7.6
TD-00190,auth-service,auth-service/pkg/client/session_handler_15.go,Tier_1,Go,Security/IAM,average,1772,26,35,4,13.42,0,17,33.17,251,10,2,0.636,15.4,0.161,53.48,0.073,2,0,81,9.2,8.2
TD-00191,order-management,order-management/src/main/java/com/platform/util/manager_17.java,Tier_1,Java,Core Business,dormant_legacy,616,48,70,30,27.46,2,11,48.51,50,2,0,0.187,31.3,0.2,22.46,0.133,1,1,94,6.3,2.6
TD-00192,inventory-worker,inventory-worker/tasks/workers/exporter_18.py,Tier_2,Python,Supply Chain,legacy_hotspot,2420,90,126,20,18.75,2,19,40.65,1629,96,17,0.868,54.4,0.303,12.92,0.283,7,3,168,31.1,39.7
TD-00193,analytics-etl,analytics-etl/utils/helpers/router_19.py,Tier_3,Python,Data/BI,average,704,18,20,15,15.38,0,15,17.74,239,18,5,0.644,17.8,0.175,66.48,0.113,0,0,77,8.9,14.3
TD-00194,inventory-worker,inventory-worker/models/data/state_machine_8.py,Tier_2,Python,Supply Chain,legacy_hotspot,3321,52,92,43,19.17,1,16,40.24,918,92,12,0.722,52.9,0.406,37.2,0.387,5,2,164,37.6,62.8
TD-00195,auth-service,auth-service/pkg/storage/parser_15.go,Tier_1,Go,Security/IAM,legacy_hotspot,1539,62,85,36,38.17,2,16,28.15,1818,99,12,0.898,66.6,0.36,20.13,0.213,7,3,272,31.4,52.7
TD-00196,user-profile-api,user-profile-api/utils/helpers/rule_engine_20.py,Tier_2,Python,User Management,legacy_hotspot,2027,97,161,63,39.64,0,37,27.33,2311,64,8,0.661,71.4,0.283,18.79,0.202,6,0,53,28.7,60.7
TD-00197,search-indexer,search-indexer/src/main/scala/index/processor_16.scala,Tier_2,Scala,Search/Discovery,average,643,22,23,10,5.63,0,11,19.67,282,9,4,0.459,24.2,0.16,72.97,0.143,0,0,99,16.4,15.2
TD-00198,notification-dispatcher,notification-dispatcher/src/controllers/legacy_sync_7.js,Tier_2,Node.js,Communications,legacy_hotspot,2294,53,66,64,31.41,0,10,79.71,1499,62,15,0.846,84.1,0.593,19.76,0.34,12,1,142,37.0,61.7
TD-00199,notification-dispatcher,notification-dispatcher/src/services/session_handler_9.js,Tier_2,Node.js,Communications,average,631,13,16,9,10.01,0,11,30.97,201,10,2,0.389,27.1,0.083,66.62,0.102,2,0,80,17.6,16.5
TD-00200,batch-reporting-service,batch-reporting-service/src/main/java/com/platform/repository/client_pool_1.java,Tier_3,Java,Reporting,healthy_active,624,11,12,5,0.25,0,8,3.04,561,50,6,0.47,6.9,0.055,80.27,0.019,0,0,23,0.8,6.7
TD-00201,internal-admin-portal,internal-admin-portal/src/components/forms/validator_8.tsx,Tier_3,TypeScript,Backoffice,healthy_active,719,14,15,3,4.25,0,6,9.61,929,26,4,0.287,12.7,0.025,86.7,0.011,2,0,37,1.7,6.3
TD-00202,search-indexer,search-indexer/src/main/scala/index/client_pool_8.scala,Tier_2,Scala,Search/Discovery,dormant_legacy,1288,72,83,24,31.61,2,22,48.23,42,1,0,0.036,30.4,0.231,20.91,0.146,0,1,84,13.8,5.0
TD-00203,analytics-etl,analytics-etl/utils/helpers/legacy_sync_1.py,Tier_3,Python,Data/BI,legacy_hotspot,1969,133,169,40,19.1,0,13,30.21,1047,54,5,0.873,74.4,0.501,13.05,0.131,12,2,165,38.4,59.7
TD-00204,auth-service,auth-service/pkg/storage/aggregator_13.go,Tier_1,Go,Security/IAM,healthy_active,843,12,14,4,4.37,0,11,9.36,386,36,3,0.488,7.6,0.092,78.51,0.036,0,0,41,1.2,6.8
TD-00205,user-profile-api,user-profile-api/models/data/query_builder_19.py,Tier_2,Python,User Management,healthy_active,289,15,16,1,1.35,0,12,0.11,1289,30,3,0.518,5.9,0.118,95.36,0.021,0,0,32,6.5,3.6
TD-00206,notification-dispatcher,notification-dispatcher/src/lib/client_pool_17.js,Tier_2,Node.js,Communications,dormant_legacy,1430,54,80,18,9.36,0,16,59.33,59,0,1,0.169,13.8,0.172,49.43,0.067,1,0,39,5.4,8.3
TD-00207,notification-dispatcher,notification-dispatcher/src/lib/cache_adapter_18.js,Tier_2,Node.js,Communications,dormant_legacy,1904,47,56,21,14.65,0,15,56.8,35,3,1,0.057,38.9,0.22,45.23,0.073,1,0,91,10.9,7.2
TD-00208,notification-dispatcher,notification-dispatcher/src/services/cache_adapter_15.js,Tier_2,Node.js,Communications,healthy_active,418,17,20,1,0.89,0,10,3.55,1287,36,6,0.212,11.6,0.025,90.62,0.014,1,0,47,4.1,4.1
TD-00209,inventory-worker,inventory-worker/models/data/dispatcher_8.py,Tier_2,Python,Supply Chain,average,634,13,16,11,11.42,0,19,16.15,213,11,5,0.521,25.0,0.098,56.27,0.052,1,1,82,11.1,8.3
TD-00210,auth-service,auth-service/internal/service/session_handler_4.go,Tier_1,Go,Security/IAM,healthy_active,482,17,15,2,3.33,0,3,10.72,414,38,5,0.446,16.5,0.028,83.96,0.027,1,0,16,5.9,5.8
TD-00211,internal-admin-portal,internal-admin-portal/src/components/forms/aggregator_7.tsx,Tier_3,TypeScript,Backoffice,healthy_active,364,13,13,0,4.83,0,5,5.08,498,46,2,0.213,5.7,0.083,94.18,0.054,0,0,35,0.3,1.6
TD-00212,analytics-etl,analytics-etl/models/data/cache_adapter_19.py,Tier_3,Python,Data/BI,healthy_active,300,4,3,5,4.84,0,7,4.34,415,102,6,0.593,11.5,0.07,82.64,0.059,0,0,46,0.4,5.2
TD-00213,internal-admin-portal,internal-admin-portal/src/hooks/validator_7.tsx,Tier_3,TypeScript,Backoffice,healthy_active,488,6,6,1,3.83,0,12,7.28,709,28,5,0.443,5.2,0.084,91.73,0.051,0,0,41,1.7,6.1
TD-00214,inventory-worker,inventory-worker/handlers/api/session_handler_6.py,Tier_2,Python,Supply Chain,healthy_active,825,15,17,0,0.5,0,10,1.19,759,49,5,0.239,7.8,0.052,91.74,0.066,0,0,36,3.3,1.3
TD-00215,inventory-worker,inventory-worker/services/core/cache_adapter_18.py,Tier_2,Python,Supply Chain,healthy_active,222,17,17,0,0.96,0,9,7.7,594,53,6,0.522,8.7,0.026,87.98,0.051,1,0,41,4.5,7.8
TD-00216,order-management,order-management/src/main/java/com/platform/repository/processor_2.java,Tier_1,Java,Core Business,legacy_hotspot,2203,100,161,40,22.75,2,20,47.64,1676,58,5,0.675,73.2,0.345,20.64,0.2,11,2,88,34.4,53.6
TD-00217,internal-admin-portal,internal-admin-portal/src/hooks/cache_adapter_5.tsx,Tier_3,TypeScript,Backoffice,healthy_active,444,13,15,1,0.64,0,7,10.54,883,26,4,0.353,15.7,0.107,88.85,0.061,0,0,52,1.6,7.2
TD-00218,analytics-etl,analytics-etl/services/core/state_machine_1.py,Tier_3,Python,Data/BI,dormant_legacy,2345,85,122,77,10.83,1,22,21.37,48,2,1,0.177,31.0,0.091,41.1,0.149,1,1,60,5.2,9.3
TD-00219,batch-reporting-service,batch-reporting-service/src/main/java/com/platform/repository/legacy_sync_16.java,Tier_3,Java,Reporting,healthy_active,464,10,10,0,4.18,0,4,13.28,216,56,7,0.588,4.3,0.1,92.18,0.031,0,0,39,5.1,6.5
TD-00220,analytics-etl,analytics-etl/models/data/manager_2.py,Tier_3,Python,Data/BI,healthy_active,416,11,13,3,0.01,0,7,13.8,418,30,3,0.556,13.7,0.044,94.77,0.017,0,0,22,4.2,5.0
TD-00221,inventory-worker,inventory-worker/utils/helpers/validator_3.py,Tier_2,Python,Supply Chain,dormant_legacy,811,48,62,18,20.03,0,24,27.96,13,2,0,0.075,18.2,0.196,32.51,0.074,0,0,34,5.1,2.9
TD-00222,search-indexer,search-indexer/src/main/scala/index/validator_19.scala,Tier_2,Scala,Search/Discovery,dormant_legacy,1484,44,60,23,29.19,0,7,29.53,62,1,0,0.119,37.2,0.238,38.48,0.106,0,0,87,17.5,9.8
TD-00223,payment-gateway,payment-gateway/internal/service/manager_19.go,Tier_1,Go,Fintech/Checkout,healthy_active,1052,13,11,3,1.04,0,10,2.12,605,29,4,0.586,14.1,0.119,90.57,0.031,0,0,25,0.1,5.9
TD-00224,inventory-worker,inventory-worker/services/core/aggregator_4.py,Tier_2,Python,Supply Chain,healthy_active,580,14,14,3,4.24,0,3,7.86,305,29,6,0.425,8.4,0.028,90.33,0.06,0,0,25,0.6,4.0
TD-00225,internal-admin-portal,internal-admin-portal/src/state/rule_engine_20.tsx,Tier_3,TypeScript,Backoffice,healthy_active,379,3,2,2,1.93,0,6,7.63,858,30,5,0.56,13.3,0.031,90.1,0.054,1,0,32,5.6,2.9
TD-00226,batch-reporting-service,batch-reporting-service/src/main/java/com/platform/controller/exporter_17.java,Tier_3,Java,Reporting,legacy_hotspot,2429,139,243,30,44.62,1,38,40.41,1036,66,13,0.869,51.0,0.624,35.02,0.179,8,0,263,33.6,50.3
TD-00227,search-indexer,search-indexer/src/main/scala/index/parser_15.scala,Tier_2,Scala,Search/Discovery,dormant_legacy,2796,48,66,16,14.67,0,20,42.18,30,1,0,0.204,38.9,0.182,33.29,0.023,0,0,114,14.7,4.1
TD-00228,inventory-worker,inventory-worker/tasks/workers/router_10.py,Tier_2,Python,Supply Chain,dormant_legacy,1180,68,82,38,11.3,0,9,67.38,17,1,0,0.329,36.7,0.153,42.11,0.093,1,0,116,11.9,4.7
TD-00229,batch-reporting-service,batch-reporting-service/src/main/java/com/platform/service/rule_engine_4.java,Tier_3,Java,Reporting,average,706,26,28,15,14.09,1,6,10.82,954,17,4,0.381,28.4,0.217,65.73,0.146,3,0,69,11.7,19.3
TD-00230,user-profile-api,user-profile-api/handlers/api/dispatcher_3.py,Tier_2,Python,User Management,average,1104,26,35,8,11.46,0,17,13.17,184,7,4,0.368,23.8,0.213,56.51,0.091,2,0,120,11.0,19.5
TD-00231,order-management,order-management/src/main/java/com/platform/controller/manager_18.java,Tier_1,Java,Core Business,dormant_legacy,1037,46,65,24,29.96,1,14,66.16,43,2,0,0.299,29.7,0.199,22.33,0.09,1,0,81,17.5,8.8
TD-00232,auth-service,auth-service/internal/service/processor_14.go,Tier_1,Go,Security/IAM,legacy_hotspot,3081,74,103,58,45.31,3,20,78.3,2894,47,8,0.761,63.3,0.642,27.68,0.308,7,2,179,25.1,40.6
TD-00233,analytics-etl,analytics-etl/tasks/workers/legacy_sync_10.py,Tier_3,Python,Data/BI,healthy_active,255,6,6,3,0.58,0,8,5.8,1250,39,5,0.455,17.6,0.103,79.08,0.036,1,0,35,5.3,7.4
TD-00234,payment-gateway,payment-gateway/internal/service/dispatcher_10.go,Tier_1,Go,Fintech/Checkout,dormant_legacy,2036,36,42,16,22.79,0,7,33.62,25,0,1,0.187,28.7,0.123,43.25,0.088,0,0,74,12.0,11.4
TD-00235,analytics-etl,analytics-etl/services/core/query_builder_8.py,Tier_3,Python,Data/BI,dormant_legacy,1240,58,72,18,25.41,0,10,44.25,80,3,1,0.243,27.6,0.19,29.42,0.038,1,0,95,9.4,11.1
TD-00236,inventory-worker,inventory-worker/tasks/workers/query_builder_7.py,Tier_2,Python,Supply Chain,average,890,26,33,11,7.21,0,9,28.11,105,13,5,0.45,26.1,0.153,49.49,0.048,2,1,63,13.4,17.1
TD-00237,search-indexer,search-indexer/src/main/scala/engine/client_pool_8.scala,Tier_2,Scala,Search/Discovery,dormant_legacy,1320,72,80,12,21.71,1,17,32.66,79,0,0,0.303,20.7,0.189,15.56,0.068,0,0,167,5.9,9.9
TD-00238,order-management,order-management/src/main/java/com/platform/repository/state_machine_5.java,Tier_1,Java,Core Business,healthy_active,309,5,5,4,4.04,0,4,4.57,451,24,5,0.418,13.3,0.11,79.77,0.026,0,0,37,3.3,1.6
TD-00239,auth-service,auth-service/pkg/handler/manager_10.go,Tier_1,Go,Security/IAM,dormant_legacy,1966,39,49,16,10.15,2,19,42.98,38,0,1,0.121,16.5,0.163,48.03,0.02,0,1,122,11.2,11.9
TD-00240,batch-reporting-service,batch-reporting-service/src/main/java/com/platform/repository/legacy_sync_4.java,Tier_3,Java,Reporting,legacy_hotspot,3108,48,57,77,47.97,0,26,60.89,1231,147,8,0.941,50.3,0.295,33.58,0.298,6,1,233,37.4,51.5
TD-00241,analytics-etl,analytics-etl/models/data/cache_adapter_13.py,Tier_3,Python,Data/BI,average,844,23,30,4,10.61,1,11,13.12,303,16,4,0.649,16.5,0.101,47.96,0.11,1,0,56,19.0,17.5
TD-00242,inventory-worker,inventory-worker/tasks/workers/client_pool_16.py,Tier_2,Python,Supply Chain,legacy_hotspot,2899,86,130,82,33.51,3,21,56.22,1640,52,15,0.968,47.7,0.591,17.18,0.21,6,2,203,43.0,43.2
TD-00243,analytics-etl,analytics-etl/services/core/rule_engine_2.py,Tier_3,Python,Data/BI,dormant_legacy,1512,92,105,15,25.65,2,15,51.69,4,1,1,0.202,38.8,0.151,17.9,0.101,0,1,99,10.7,3.9
TD-00244,search-indexer,search-indexer/src/main/scala/pipeline/session_handler_20.scala,Tier_2,Scala,Search/Discovery,average,642,18,21,13,4.06,1,17,18.96,255,7,2,0.626,21.2,0.149,71.89,0.137,0,0,46,13.9,9.2
TD-00245,inventory-worker,inventory-worker/services/core/validator_8.py,Tier_2,Python,Supply Chain,dormant_legacy,1851,50,74,45,13.17,0,15,57.75,43,1,1,0.303,16.8,0.22,45.72,0.091,1,0,150,14.4,10.6
TD-00246,batch-reporting-service,batch-reporting-service/src/main/java/com/platform/service/exporter_9.java,Tier_3,Java,Reporting,legacy_hotspot,5226,87,143,36,33.35,1,25,27.82,2250,75,14,0.971,81.8,0.347,34.88,0.146,8,4,187,54.8,47.8
TD-00247,batch-reporting-service,batch-reporting-service/src/main/java/com/platform/service/exporter_6.java,Tier_3,Java,Reporting,legacy_hotspot,4789,119,154,25,36.2,1,10,81.09,838,54,12,0.916,53.1,0.592,31.27,0.218,8,2,197,37.9,63.0
TD-00248,analytics-etl,analytics-etl/tasks/workers/query_builder_15.py,Tier_3,Python,Data/BI,legacy_hotspot,1832,96,116,29,44.49,0,29,38.69,960,98,10,0.813,30.7,0.644,17.04,0.163,8,4,116,57.6,46.1
TD-00249,inventory-worker,inventory-worker/handlers/api/rule_engine_14.py,Tier_2,Python,Supply Chain,legacy_hotspot,2612,52,91,22,40.9,0,10,49.24,487,136,6,0.778,44.5,0.62,21.74,0.124,4,1,117,57.2,73.1
TD-00250,analytics-etl,analytics-etl/services/core/legacy_sync_12.py,Tier_3,Python,Data/BI,healthy_active,526,4,4,4,3.27,0,13,4.25,1235,39,3,0.437,15.7,0.024,82.26,0.072,0,0,20,0.5,1.2
TD-00251,search-indexer,search-indexer/src/main/scala/index/session_handler_4.scala,Tier_2,Scala,Search/Discovery,average,1556,13,16,8,10.21,1,9,18.17,168,17,5,0.34,30.5,0.149,68.53,0.11,0,1,69,10.4,16.5
TD-00252,order-management,order-management/src/main/java/com/platform/repository/router_16.java,Tier_1,Java,Core Business,healthy_active,1046,13,15,0,4.92,0,11,1.89,629,47,2,0.488,14.6,0.042,85.97,0.053,1,0,30,7.7,7.2
TD-00253,inventory-worker,inventory-worker/utils/helpers/state_machine_18.py,Tier_2,Python,Supply Chain,healthy_active,397,7,7,5,2.05,0,14,7.49,1469,27,7,0.305,7.4,0.068,93.96,0.036,1,0,37,6.2,2.5
TD-00254,payment-gateway,payment-gateway/pkg/client/validator_11.go,Tier_1,Go,Fintech/Checkout,dormant_legacy,2252,44,64,10,22.52,0,22,45.25,80,2,0,0.19,15.7,0.203,47.64,0.143,0,0,59,17.1,3.8
TD-00255,inventory-worker,inventory-worker/models/data/validator_13.py,Tier_2,Python,Supply Chain,healthy_active,912,11,12,4,2.55,0,8,11.72,448,42,6,0.253,8.2,0.11,95.5,0.07,0,0,32,7.6,4.0
TD-00256,internal-admin-portal,internal-admin-portal/src/pages/admin/query_builder_18.tsx,Tier_3,TypeScript,Backoffice,healthy_active,469,14,13,5,4.34,0,12,11.31,599,36,7,0.467,16.1,0.036,92.62,0.07,1,0,32,4.4,1.4
TD-00257,analytics-etl,analytics-etl/utils/helpers/processor_7.py,Tier_3,Python,Data/BI,healthy_active,239,8,8,5,4.03,0,8,1.19,479,20,3,0.586,13.0,0.022,85.74,0.071,0,0,15,0.8,6.3
TD-00258,internal-admin-portal,internal-admin-portal/src/hooks/rule_engine_16.tsx,Tier_3,TypeScript,Backoffice,legacy_hotspot,4909,85,116,26,42.33,2,15,31.37,840,64,15,0.765,93.7,0.571,25.43,0.202,5,3,227,34.2,25.3
TD-00259,analytics-etl,analytics-etl/services/core/aggregator_9.py,Tier_3,Python,Data/BI,average,582,20,21,4,11.29,0,20,11.7,293,14,2,0.558,16.5,0.16,51.46,0.143,2,0,79,21.2,11.5
TD-00260,internal-admin-portal,internal-admin-portal/src/components/forms/parser_10.tsx,Tier_3,TypeScript,Backoffice,healthy_active,226,8,8,2,2.78,0,3,0.2,608,28,3,0.294,7.8,0.085,85.02,0.024,0,0,40,1.2,7.0
TD-00261,analytics-etl,analytics-etl/utils/helpers/validator_1.py,Tier_3,Python,Data/BI,healthy_active,528,16,17,0,1.32,0,10,7.91,1199,22,7,0.595,11.9,0.089,83.86,0.017,1,0,53,0.2,6.7
TD-00262,batch-reporting-service,batch-reporting-service/src/main/java/com/platform/controller/cache_adapter_6.java,Tier_3,Java,Reporting,dormant_legacy,1575,66,90,10,13.2,1,21,24.48,86,0,1,0.181,20.5,0.188,45.24,0.059,0,0,59,7.4,8.5
TD-00263,inventory-worker,inventory-worker/tasks/workers/processor_18.py,Tier_2,Python,Supply Chain,healthy_active,1107,12,13,1,1.08,0,7,6.47,641,42,2,0.312,5.8,0.084,79.35,0.019,0,0,47,2.7,6.0
TD-00264,search-indexer,search-indexer/src/main/scala/engine/aggregator_4.scala,Tier_2,Scala,Search/Discovery,legacy_hotspot,3015,49,84,39,33.88,1,38,44.23,1114,67,9,0.926,72.3,0.496,15.36,0.349,5,2,153,37.0,32.6
TD-00265,analytics-etl,analytics-etl/services/core/query_builder_5.py,Tier_3,Python,Data/BI,healthy_active,1084,7,8,4,4.04,0,10,12.88,360,33,6,0.229,15.9,0.041,90.04,0.048,1,0,27,1.0,4.9
TD-00266,analytics-etl,analytics-etl/models/data/client_pool_9.py,Tier_3,Python,Data/BI,healthy_active,688,6,5,4,0.11,0,12,9.14,431,58,4,0.33,14.1,0.086,95.26,0.075,1,0,42,3.4,2.9
TD-00267,search-indexer,search-indexer/src/main/scala/index/legacy_sync_8.scala,Tier_2,Scala,Search/Discovery,average,787,16,21,7,13.92,1,14,14.8,118,18,5,0.646,16.0,0.087,68.39,0.07,3,0,114,14.3,8.6
TD-00268,analytics-etl,analytics-etl/tasks/workers/manager_13.py,Tier_3,Python,Data/BI,healthy_active,686,9,10,4,4.47,0,10,12.48,853,35,7,0.483,8.2,0.061,82.03,0.075,0,0,37,5.0,6.1
TD-00269,user-profile-api,user-profile-api/tasks/workers/client_pool_5.py,Tier_2,Python,User Management,healthy_active,349,15,15,1,4.12,0,3,1.11,719,35,3,0.555,15.3,0.057,82.16,0.061,0,0,40,2.5,7.4
TD-00270,auth-service,auth-service/pkg/storage/exporter_14.go,Tier_1,Go,Security/IAM,average,982,25,28,12,14.09,0,21,21.21,300,5,2,0.64,22.5,0.201,61.98,0.059,2,1,88,18.5,12.8
TD-00271,notification-dispatcher,notification-dispatcher/src/queues/dispatcher_1.js,Tier_2,Node.js,Communications,dormant_legacy,1364,46,51,9,14.3,0,21,45.73,20,0,1,0.207,14.0,0.079,17.56,0.126,2,0,156,5.5,8.2
TD-00272,inventory-worker,inventory-worker/models/data/state_machine_19.py,Tier_2,Python,Supply Chain,healthy_active,272,4,4,4,1.71,0,10,7.92,368,75,6,0.307,17.0,0.037,88.43,0.049,0,0,39,4.0,2.9
TD-00273,batch-reporting-service,batch-reporting-service/src/main/java/com/platform/util/state_machine_5.java,Tier_3,Java,Reporting,healthy_active,304,17,16,3,2.91,0,3,10.17,1277,30,2,0.24,4.5,0.076,90.51,0.066,0,0,34,0.1,1.6
TD-00274,analytics-etl,analytics-etl/tasks/workers/legacy_sync_12.py,Tier_3,Python,Data/BI,healthy_active,687,9,8,1,0.71,0,5,8.31,242,39,4,0.523,6.5,0.116,84.93,0.034,1,0,26,4.1,6.1
TD-00275,notification-dispatcher,notification-dispatcher/src/queues/exporter_18.js,Tier_2,Node.js,Communications,legacy_hotspot,2917,69,120,45,28.05,3,37,56.16,2542,85,5,0.715,69.7,0.285,17.31,0.32,6,3,107,25.9,43.8
TD-00276,search-indexer,search-indexer/src/main/scala/index/parser_11.scala,Tier_2,Scala,Search/Discovery,average,340,20,25,11,7.52,0,19,33.11,488,5,4,0.492,17.3,0.14,64.57,0.127,0,1,60,11.7,6.5
TD-00277,user-profile-api,user-profile-api/handlers/api/rule_engine_13.py,Tier_2,Python,User Management,average,631,23,25,5,7.08,0,14,20.38,201,6,2,0.461,20.7,0.162,63.73,0.118,0,0,71,18.0,13.8
TD-00278,user-profile-api,user-profile-api/utils/helpers/processor_11.py,Tier_2,Python,User Management,average,752,27,29,5,13.76,0,10,13.96,108,9,3,0.542,21.2,0.202,62.05,0.093,0,0,78,19.7,12.9
TD-00279,analytics-etl,analytics-etl/utils/helpers/router_5.py,Tier_3,Python,Data/BI,legacy_hotspot,3767,59,88,23,16.91,0,35,42.39,748,34,15,0.714,51.5,0.393,4.29,0.355,6,3,224,26.9,50.1
TD-00280,analytics-etl,analytics-etl/services/core/manager_17.py,Tier_3,Python,Data/BI,average,875,22,30,8,8.8,0,14,16.88,283,11,2,0.644,21.6,0.138,57.24,0.079,2,0,61,12.3,10.1
TD-00281,batch-reporting-service,batch-reporting-service/src/main/java/com/platform/repository/state_machine_4.java,Tier_3,Java,Reporting,healthy_active,835,3,2,4,2.23,0,13,9.65,536,28,4,0.326,12.9,0.031,89.31,0.017,0,0,25,7.8,1.3
TD-00282,analytics-etl,analytics-etl/services/core/client_pool_15.py,Tier_3,Python,Data/BI,legacy_hotspot,4921,112,195,60,18.17,0,24,28.43,1958,138,17,0.731,79.9,0.485,12.88,0.395,4,3,176,28.0,39.3
TD-00283,payment-gateway,payment-gateway/internal/service/router_5.go,Tier_1,Go,Fintech/Checkout,legacy_hotspot,3308,99,145,77,29.38,1,38,52.2,1580,76,15,0.851,66.1,0.634,25.33,0.193,8,2,141,48.5,71.4
TD-00284,auth-service,auth-service/pkg/client/exporter_9.go,Tier_1,Go,Security/IAM,healthy_active,240,8,8,4,1.03,0,9,12.63,381,24,6,0.204,14.9,0.102,79.07,0.053,0,0,30,6.4,7.1
TD-00285,notification-dispatcher,notification-dispatcher/src/queues/cache_adapter_13.js,Tier_2,Node.js,Communications,average,1023,18,25,13,4.49,0,17,28.6,168,16,4,0.454,14.7,0.179,72.35,0.118,1,0,86,17.0,10.6
TD-00286,auth-service,auth-service/pkg/storage/state_machine_18.go,Tier_1,Go,Security/IAM,legacy_hotspot,1762,106,142,37,37.76,0,32,41.95,2379,75,12,0.754,37.6,0.336,7.59,0.311,8,5,148,45.5,69.9
TD-00287,search-indexer,search-indexer/src/main/scala/index/query_builder_16.scala,Tier_2,Scala,Search/Discovery,dormant_legacy,934,61,85,24,17.8,0,11,35.64,43,2,0,0.238,39.6,0.056,26.83,0.034,0,0,125,5.4,7.2
TD-00288,internal-admin-portal,internal-admin-portal/src/pages/admin/rule_engine_3.tsx,Tier_3,TypeScript,Backoffice,average,1745,22,25,12,12.29,0,21,13.01,440,5,2,0.308,19.3,0.209,54.63,0.07,2,1,97,19.1,8.5
TD-00289,user-profile-api,user-profile-api/models/data/aggregator_3.py,Tier_2,Python,User Management,average,1489,13,15,4,9.77,0,12,10.49,231,5,5,0.528,16.8,0.114,64.78,0.149,1,0,71,8.8,18.2
TD-00290,search-indexer,search-indexer/src/main/scala/engine/exporter_4.scala,Tier_2,Scala,Search/Discovery,healthy_active,297,15,15,1,0.1,0,8,5.92,324,32,6,0.316,12.1,0.027,81.44,0.039,1,0,22,1.0,1.4
TD-00291,analytics-etl,analytics-etl/handlers/api/cache_adapter_10.py,Tier_3,Python,Data/BI,legacy_hotspot,3163,68,97,142,22.62,2,35,73.26,1466,48,12,0.769,36.6,0.486,21.85,0.177,7,2,104,49.9,62.3
TD-00292,payment-gateway,payment-gateway/pkg/handler/session_handler_2.go,Tier_1,Go,Fintech/Checkout,healthy_active,438,7,6,2,3.99,0,14,12.05,360,53,2,0.592,12.6,0.099,79.54,0.023,1,0,22,4.9,5.9
TD-00293,inventory-worker,inventory-worker/models/data/session_handler_14.py,Tier_2,Python,Supply Chain,legacy_hotspot,2795,67,100,22,24.08,5,25,68.38,792,57,13,0.675,62.7,0.638,27.57,0.14,7,4,172,26.4,36.1
TD-00294,order-management,order-management/src/main/java/com/platform/controller/client_pool_14.java,Tier_1,Java,Core Business,healthy_active,318,4,4,1,3.03,0,12,13.95,401,38,5,0.252,13.7,0.041,85.94,0.015,1,0,51,5.0,6.6
TD-00295,batch-reporting-service,batch-reporting-service/src/main/java/com/platform/controller/manager_6.java,Tier_3,Java,Reporting,average,1094,13,16,13,13.86,0,16,10.67,240,5,4,0.316,29.5,0.202,47.94,0.092,3,1,85,14.6,13.4
TD-00296,auth-service,auth-service/internal/middleware/state_machine_13.go,Tier_1,Go,Security/IAM,average,1465,20,26,10,5.36,0,9,27.23,424,6,4,0.464,19.1,0.119,60.01,0.059,1,0,107,17.8,10.1
TD-00297,batch-reporting-service,batch-reporting-service/src/main/java/com/platform/controller/legacy_sync_19.java,Tier_3,Java,Reporting,average,630,15,18,14,7.31,1,10,22.48,347,17,2,0.488,22.9,0.109,45.11,0.069,1,0,48,8.7,16.9
TD-00298,order-management,order-management/src/main/java/com/platform/controller/legacy_sync_9.java,Tier_1,Java,Core Business,average,913,27,36,9,5.56,0,8,27.45,120,5,2,0.37,26.1,0.089,70.87,0.155,0,0,70,13.8,9.8
TD-00299,analytics-etl,analytics-etl/models/data/query_builder_1.py,Tier_3,Python,Data/BI,healthy_active,286,16,19,5,1.21,0,4,10.1,490,33,2,0.279,15.8,0.04,91.37,0.058,1,0,53,5.1,7.7
TD-00300,analytics-etl,analytics-etl/models/data/query_builder_18.py,Tier_3,Python,Data/BI,average,652,23,25,15,4.63,1,16,27.62,289,19,2,0.301,18.0,0.21,72.96,0.126,1,0,56,11.2,8.5
TD-00301,order-management,order-management/src/main/java/com/platform/service/legacy_sync_12.java,Tier_1,Java,Core Business,average,925,15,16,11,10.67,0,14,31.73,463,15,4,0.575,14.8,0.13,74.05,0.151,3,0,59,11.7,11.0
TD-00302,batch-reporting-service,batch-reporting-service/src/main/java/com/platform/repository/query_builder_14.java,Tier_3,Java,Reporting,healthy_active,688,12,10,0,2.65,0,7,10.2,985,72,5,0.255,16.4,0.067,93.81,0.051,0,0,37,6.4,5.6
TD-00303,inventory-worker,inventory-worker/utils/helpers/state_machine_10.py,Tier_2,Python,Supply Chain,dormant_legacy,666,57,71,17,9.61,0,13,28.53,41,2,0,0.19,37.7,0.23,30.69,0.056,0,0,112,8.7,4.7
TD-00304,user-profile-api,user-profile-api/utils/helpers/state_machine_16.py,Tier_2,Python,User Management,legacy_hotspot,3151,97,143,52,43.45,2,14,57.28,977,55,16,0.894,64.9,0.462,15.82,0.266,8,2,150,56.9,79.6
TD-00305,auth-service,auth-service/internal/service/router_19.go,Tier_1,Go,Security/IAM,dormant_legacy,1421,32,42,35,24.48,1,5,47.13,23,2,0,0.194,38.5,0.151,46.05,0.067,0,0,153,11.5,5.1
TD-00306,notification-dispatcher,notification-dispatcher/src/queues/dispatcher_10.js,Tier_2,Node.js,Communications,healthy_active,1115,12,11,5,0.56,0,11,6.73,330,34,4,0.59,4.1,0.11,94.76,0.077,0,0,30,1.4,5.6
TD-00307,payment-gateway,payment-gateway/pkg/client/dispatcher_1.go,Tier_1,Go,Fintech/Checkout,legacy_hotspot,1634,197,283,46,47.96,5,25,61.37,1836,35,8,0.85,63.6,0.26,30.88,0.123,3,2,152,41.1,44.2
TD-00308,batch-reporting-service,batch-reporting-service/src/main/java/com/platform/service/parser_20.java,Tier_3,Java,Reporting,average,1365,27,32,14,12.68,1,17,27.93,392,7,3,0.596,13.5,0.084,52.76,0.148,3,1,78,17.3,9.0
TD-00309,analytics-etl,analytics-etl/models/data/exporter_8.py,Tier_3,Python,Data/BI,healthy_active,616,6,6,5,1.96,0,11,1.81,467,30,3,0.494,4.4,0.082,91.69,0.044,1,0,30,6.0,2.4
TD-00310,batch-reporting-service,batch-reporting-service/src/main/java/com/platform/repository/aggregator_7.java,Tier_3,Java,Reporting,dormant_legacy,1670,42,48,53,14.08,0,15,60.21,24,0,0,0.089,19.4,0.161,29.4,0.143,0,1,98,8.0,9.7
TD-00311,batch-reporting-service,batch-reporting-service/src/main/java/com/platform/repository/query_builder_5.java,Tier_3,Java,Reporting,dormant_legacy,1235,35,48,84,24.04,1,21,45.46,8,3,1,0.175,25.5,0.082,41.75,0.084,0,0,128,12.2,9.5
TD-00312,auth-service,auth-service/pkg/handler/dispatcher_15.go,Tier_1,Go,Security/IAM,legacy_hotspot,2114,65,102,51,15.11,2,16,59.62,1043,59,11,0.882,37.3,0.417,17.1,0.27,6,4,187,37.3,41.4
TD-00313,payment-gateway,payment-gateway/internal/middleware/session_handler_5.go,Tier_1,Go,Fintech/Checkout,legacy_hotspot,2711,54,66,39,45.13,1,17,37.86,4114,132,13,0.926,81.3,0.58,28.6,0.353,7,1,212,57.1,55.8
TD-00314,auth-service,auth-service/pkg/storage/session_handler_14.go,Tier_1,Go,Security/IAM,legacy_hotspot,2285,87,104,66,27.44,1,13,48.73,1477,58,12,0.667,92.1,0.461,15.05,0.164,3,5,149,31.8,26.5
TD-00315,order-management,order-management/src/main/java/com/platform/controller/manager_18.java,Tier_1,Java,Core Business,legacy_hotspot,2460,91,149,56,37.97,0,23,34.85,1877,63,5,0.685,42.0,0.309,31.1,0.138,7,3,171,53.9,79.3
TD-00316,notification-dispatcher,notification-dispatcher/src/queues/client_pool_9.js,Tier_2,Node.js,Communications,legacy_hotspot,3071,98,150,53,24.27,2,24,56.17,1193,64,8,0.825,40.7,0.42,22.68,0.31,5,4,194,40.9,58.7
TD-00317,order-management,order-management/src/main/java/com/platform/repository/parser_16.java,Tier_1,Java,Core Business,healthy_active,655,5,4,2,3.4,0,6,7.15,892,25,6,0.425,4.7,0.024,82.51,0.058,1,0,35,4.3,3.8
TD-00318,inventory-worker,inventory-worker/models/data/exporter_4.py,Tier_2,Python,Supply Chain,legacy_hotspot,2242,136,219,91,16.06,1,28,56.06,1948,34,9,0.835,29.5,0.458,17.32,0.282,7,3,118,40.1,79.5
TD-00319,analytics-etl,analytics-etl/services/core/manager_8.py,Tier_3,Python,Data/BI,average,999,26,35,5,15.3,0,19,15.03,178,11,3,0.389,24.1,0.084,48.95,0.146,2,0,97,18.4,17.0
TD-00320,search-indexer,search-indexer/src/main/scala/pipeline/session_handler_3.scala,Tier_2,Scala,Search/Discovery,dormant_legacy,1938,80,92,16,31.52,0,22,25.1,65,3,1,0.319,34.8,0.154,42.01,0.088,0,0,97,7.4,5.5
TD-00321,search-indexer,search-indexer/src/main/scala/engine/dispatcher_18.scala,Tier_2,Scala,Search/Discovery,healthy_active,825,13,15,3,1.25,0,3,13.2,679,52,5,0.3,11.5,0.089,90.23,0.028,0,0,33,6.3,3.5
TD-00322,auth-service,auth-service/pkg/client/session_handler_9.go,Tier_1,Go,Security/IAM,healthy_active,427,8,8,5,2.04,0,4,8.16,605,27,6,0.324,13.2,0.041,83.73,0.027,0,0,34,0.9,7.5
TD-00323,batch-reporting-service,batch-reporting-service/src/main/java/com/platform/util/state_machine_12.java,Tier_3,Java,Reporting,dormant_legacy,1133,37,47,20,26.5,1,24,29.99,54,3,0,0.15,23.4,0.073,38.66,0.111,1,0,71,17.4,10.1
TD-00324,auth-service,auth-service/internal/service/legacy_sync_1.go,Tier_1,Go,Security/IAM,healthy_active,1151,16,18,4,0.81,0,5,10.3,702,70,6,0.202,12.8,0.08,83.73,0.042,0,0,40,4.3,3.7
TD-00325,batch-reporting-service,batch-reporting-service/src/main/java/com/platform/repository/parser_20.java,Tier_3,Java,Reporting,average,863,27,31,12,5.44,0,9,33.2,152,15,5,0.474,28.6,0.127,65.86,0.124,3,0,97,10.8,10.3
TD-00326,user-profile-api,user-profile-api/services/core/query_builder_15.py,Tier_2,Python,User Management,dormant_legacy,1230,34,47,16,18.89,0,7,36.54,49,3,0,0.335,20.9,0.094,38.71,0.119,0,0,70,15.5,11.8
TD-00327,inventory-worker,inventory-worker/utils/helpers/validator_5.py,Tier_2,Python,Supply Chain,average,1170,16,20,12,15.22,1,18,25.27,198,17,2,0.492,24.9,0.159,73.46,0.148,3,0,94,14.9,17.9
TD-00328,payment-gateway,payment-gateway/pkg/handler/dispatcher_16.go,Tier_1,Go,Fintech/Checkout,dormant_legacy,1433,43,53,14,16.83,0,15,60.25,86,1,0,0.31,29.3,0.136,21.38,0.142,1,0,51,15.5,9.0
TD-00329,auth-service,auth-service/pkg/handler/aggregator_18.go,Tier_1,Go,Security/IAM,dormant_legacy,2355,56,71,25,21.0,1,7,22.91,43,3,0,0.122,36.5,0.09,17.74,0.122,1,1,117,13.9,7.2
TD-00330,order-management,order-management/src/main/java/com/platform/util/legacy_sync_12.java,Tier_1,Java,Core Business,dormant_legacy,2124,87,115,26,12.6,0,17,58.9,173,2,1,0.02,12.8,0.086,49.53,0.113,1,1,80,15.6,8.6
TD-00331,internal-admin-portal,internal-admin-portal/src/state/rule_engine_5.tsx,Tier_3,TypeScript,Backoffice,healthy_active,471,10,10,0,3.82,0,8,6.91,464,41,5,0.204,8.4,0.021,79.73,0.031,0,0,27,5.6,1.4
TD-00332,search-indexer,search-indexer/src/main/scala/pipeline/validator_16.scala,Tier_2,Scala,Search/Discovery,dormant_legacy,1556,69,98,50,31.97,1,20,41.62,44,0,0,0.102,20.3,0.109,40.39,0.05,0,0,102,7.2,3.0
TD-00333,batch-reporting-service,batch-reporting-service/src/main/java/com/platform/util/dispatcher_2.java,Tier_3,Java,Reporting,legacy_hotspot,1727,61,89,76,17.27,0,37,29.35,1867,79,5,0.876,29.3,0.544,20.56,0.348,10,5,144,46.5,69.2
TD-00334,notification-dispatcher,notification-dispatcher/src/controllers/legacy_sync_15.js,Tier_2,Node.js,Communications,healthy_active,458,10,11,4,0.9,0,13,8.58,386,98,7,0.423,17.0,0.058,86.35,0.016,0,0,28,2.3,2.1
TD-00335,user-profile-api,user-profile-api/models/data/validator_12.py,Tier_2,Python,User Management,healthy_active,1445,13,12,4,3.6,0,3,3.26,561,22,7,0.23,10.4,0.109,79.7,0.079,1,0,33,6.8,3.9
TD-00336,internal-admin-portal,internal-admin-portal/src/hooks/processor_13.tsx,Tier_3,TypeScript,Backoffice,healthy_active,285,9,10,5,1.67,0,7,2.18,697,52,4,0.335,8.3,0.113,82.47,0.055,0,0,34,4.1,6.5
TD-00337,inventory-worker,inventory-worker/handlers/api/validator_15.py,Tier_2,Python,Supply Chain,healthy_active,654,12,14,0,4.12,0,4,13.08,469,34,3,0.487,14.4,0.025,81.98,0.029,0,0,31,2.8,6.5
TD-00338,auth-service,auth-service/internal/service/query_builder_20.go,Tier_1,Go,Security/IAM,legacy_hotspot,2166,139,208,28,12.69,2,38,38.67,1006,97,7,0.718,78.1,0.53,12.37,0.373,8,2,139,38.6,65.8
TD-00339,payment-gateway,payment-gateway/pkg/handler/exporter_11.go,Tier_1,Go,Fintech/Checkout,average,558,24,33,8,12.26,0,18,17.15,243,12,5,0.475,19.7,0.099,56.29,0.121,2,0,63,12.0,8.3
TD-00340,user-profile-api,user-profile-api/handlers/api/exporter_19.py,Tier_2,Python,User Management,healthy_active,366,14,16,2,4.09,0,7,6.01,486,59,3,0.219,7.1,0.091,92.09,0.042,0,0,24,3.2,5.1
TD-00341,user-profile-api,user-profile-api/services/core/state_machine_18.py,Tier_2,Python,User Management,legacy_hotspot,1389,87,120,51,22.28,0,12,25.6,2088,73,17,0.791,65.5,0.342,29.28,0.269,8,0,125,40.8,44.4
TD-00342,user-profile-api,user-profile-api/tasks/workers/aggregator_8.py,Tier_2,Python,User Management,dormant_legacy,1533,47,56,39,25.14,1,18,28.15,57,3,0,0.201,15.7,0.142,24.39,0.129,0,0,139,11.6,8.2
TD-00343,notification-dispatcher,notification-dispatcher/src/controllers/exporter_20.js,Tier_2,Node.js,Communications,average,509,16,17,13,8.19,0,20,10.9,153,16,4,0.378,18.5,0.114,74.75,0.064,2,1,64,21.3,18.4
TD-00344,payment-gateway,payment-gateway/pkg/storage/state_machine_5.go,Tier_1,Go,Fintech/Checkout,average,524,13,17,5,6.11,0,8,23.33,85,16,4,0.337,33.7,0.086,57.95,0.046,0,0,72,17.1,6.5
TD-00345,order-management,order-management/src/main/java/com/platform/repository/exporter_6.java,Tier_1,Java,Core Business,healthy_active,997,14,16,0,1.64,0,5,13.96,417,52,5,0.372,8.3,0.046,88.69,0.011,0,0,33,0.7,3.1
TD-00346,auth-service,auth-service/pkg/handler/manager_1.go,Tier_1,Go,Security/IAM,average,833,26,32,13,14.35,0,20,22.35,191,6,3,0.488,30.5,0.173,57.28,0.147,0,1,64,18.2,17.4
TD-00347,notification-dispatcher,notification-dispatcher/src/controllers/rule_engine_11.js,Tier_2,Node.js,Communications,average,1250,12,15,12,8.41,0,7,11.09,130,14,2,0.558,32.1,0.213,71.08,0.098,1,0,88,17.3,19.7
TD-00348,payment-gateway,payment-gateway/internal/service/dispatcher_2.go,Tier_1,Go,Fintech/Checkout,healthy_active,470,13,12,1,3.56,0,8,3.15,558,72,2,0.529,11.9,0.116,81.91,0.06,0,0,26,2.2,2.3
TD-00349,order-management,order-management/src/main/java/com/platform/util/client_pool_4.java,Tier_1,Java,Core Business,average,925,13,16,13,10.88,0,14,11.04,241,9,3,0.621,21.4,0.198,45.01,0.06,0,0,65,20.7,7.4
TD-00350,auth-service,auth-service/pkg/client/legacy_sync_12.go,Tier_1,Go,Security/IAM,legacy_hotspot,5276,83,142,39,34.11,1,12,59.74,2129,97,4,0.684,43.5,0.251,14.32,0.15,7,1,103,33.9,43.2
TD-00351,internal-admin-portal,internal-admin-portal/src/pages/admin/legacy_sync_17.tsx,Tier_3,TypeScript,Backoffice,healthy_active,682,17,17,1,0.83,0,6,4.78,772,52,4,0.394,11.7,0.069,88.18,0.06,0,0,29,0.5,7.8
TD-00352,user-profile-api,user-profile-api/tasks/workers/processor_17.py,Tier_2,Python,User Management,legacy_hotspot,1742,78,138,26,23.23,3,28,61.49,2091,137,10,0.799,50.1,0.438,31.84,0.155,8,1,149,41.7,72.6
TD-00353,inventory-worker,inventory-worker/utils/helpers/query_builder_1.py,Tier_2,Python,Supply Chain,average,747,15,18,14,4.39,0,13,10.17,198,14,4,0.31,33.8,0.081,67.08,0.058,4,1,65,20.3,18.5
TD-00354,payment-gateway,payment-gateway/pkg/client/state_machine_13.go,Tier_1,Go,Fintech/Checkout,dormant_legacy,2182,45,63,18,13.57,0,23,69.26,29,0,1,0.184,25.4,0.14,42.13,0.088,0,0,130,5.5,7.8
TD-00355,search-indexer,search-indexer/src/main/scala/pipeline/validator_16.scala,Tier_2,Scala,Search/Discovery,healthy_active,425,4,4,2,4.95,0,12,9.53,368,32,2,0.564,4.3,0.055,90.94,0.064,0,0,35,0.5,1.8
TD-00356,analytics-etl,analytics-etl/services/core/parser_3.py,Tier_3,Python,Data/BI,dormant_legacy,1329,30,36,18,22.56,0,24,31.13,35,0,1,0.092,13.0,0.191,32.22,0.032,0,0,38,13.0,2.9
TD-00357,notification-dispatcher,notification-dispatcher/src/queues/manager_3.js,Tier_2,Node.js,Communications,legacy_hotspot,2423,127,204,46,20.36,2,13,32.4,2950,59,11,0.751,47.6,0.616,33.5,0.224,8,3,126,40.2,32.2
TD-00358,order-management,order-management/src/main/java/com/platform/repository/rule_engine_19.java,Tier_1,Java,Core Business,average,734,19,19,7,8.86,0,13,21.44,499,7,2,0.48,17.8,0.106,46.95,0.132,1,0,63,13.4,11.3
TD-00359,internal-admin-portal,internal-admin-portal/src/hooks/router_20.tsx,Tier_3,TypeScript,Backoffice,healthy_active,472,3,2,3,1.13,0,13,11.15,528,26,4,0.269,8.3,0.052,80.87,0.024,1,0,42,0.2,5.4
TD-00360,internal-admin-portal,internal-admin-portal/src/hooks/legacy_sync_17.tsx,Tier_3,TypeScript,Backoffice,average,570,16,17,5,7.5,0,10,34.13,681,17,2,0.392,24.3,0.126,70.82,0.097,3,1,77,11.8,13.6
TD-00361,batch-reporting-service,batch-reporting-service/src/main/java/com/platform/util/validator_4.java,Tier_3,Java,Reporting,dormant_legacy,873,61,67,18,14.07,0,14,66.12,11,1,0,0.075,19.6,0.111,33.01,0.113,1,1,111,17.0,2.5
TD-00362,internal-admin-portal,internal-admin-portal/src/components/forms/router_15.tsx,Tier_3,TypeScript,Backoffice,average,686,20,27,13,11.01,0,10,19.01,75,5,3,0.59,14.6,0.095,57.84,0.052,1,0,40,8.1,10.4
TD-00363,user-profile-api,user-profile-api/utils/helpers/session_handler_15.py,Tier_2,Python,User Management,average,1805,17,18,14,13.85,0,11,11.94,128,5,2,0.367,21.3,0.212,57.81,0.107,0,1,106,13.9,17.2
TD-00364,search-indexer,search-indexer/src/main/scala/index/cache_adapter_4.scala,Tier_2,Scala,Search/Discovery,average,470,12,13,7,14.47,0,15,18.85,213,13,3,0.649,30.7,0.12,57.07,0.129,5,0,68,14.9,13.4
TD-00365,notification-dispatcher,notification-dispatcher/src/lib/session_handler_9.js,Tier_2,Node.js,Communications,healthy_active,338,7,7,1,3.85,0,8,9.51,454,64,5,0.588,11.8,0.038,80.36,0.051,0,0,39,3.5,3.4
TD-00366,notification-dispatcher,notification-dispatcher/src/controllers/query_builder_16.js,Tier_2,Node.js,Communications,average,704,18,24,12,13.71,0,17,11.28,148,13,2,0.527,24.1,0.149,50.15,0.073,0,0,82,16.5,8.2
TD-00367,auth-service,auth-service/pkg/handler/state_machine_3.go,Tier_1,Go,Security/IAM,average,615,15,18,15,4.99,0,16,23.41,133,7,5,0.561,16.9,0.121,55.38,0.13,2,1,56,14.1,8.0
TD-00368,auth-service,auth-service/pkg/client/validator_12.go,Tier_1,Go,Security/IAM,average,477,25,32,14,11.36,1,20,34.84,496,11,4,0.592,33.7,0.194,58.77,0.07,1,0,137,21.6,18.8
TD-00369,order-management,order-management/src/main/java/com/platform/service/rule_engine_18.java,Tier_1,Java,Core Business,dormant_legacy,779,35,46,29,25.13,0,21,36.34,44,3,1,0.257,32.9,0.1,29.51,0.031,1,0,94,6.8,2.3
TD-00370,internal-admin-portal,internal-admin-portal/src/hooks/query_builder_4.tsx,Tier_3,TypeScript,Backoffice,healthy_active,319,4,4,2,3.95,0,6,0.4,975,62,2,0.553,13.0,0.027,82.56,0.067,0,0,28,5.6,6.5
TD-00371,search-indexer,search-indexer/src/main/scala/index/state_machine_14.scala,Tier_2,Scala,Search/Discovery,average,536,23,27,9,15.91,0,10,20.32,329,9,3,0.311,30.0,0.186,73.59,0.046,1,0,99,9.3,13.9
TD-00372,payment-gateway,payment-gateway/pkg/storage/rule_engine_10.go,Tier_1,Go,Fintech/Checkout,healthy_active,507,3,2,4,4.33,0,8,3.17,861,19,4,0.5,11.1,0.03,93.45,0.032,1,0,42,3.5,7.5
TD-00373,notification-dispatcher,notification-dispatcher/src/routes/rule_engine_17.js,Tier_2,Node.js,Communications,healthy_active,414,7,6,2,4.88,0,14,1.91,859,43,2,0.471,10.7,0.036,83.78,0.026,1,0,34,4.5,5.2
TD-00374,user-profile-api,user-profile-api/handlers/api/query_builder_16.py,Tier_2,Python,User Management,dormant_legacy,2977,44,52,26,16.05,0,6,40.87,69,2,0,0.326,28.6,0.21,28.9,0.048,2,0,52,6.4,7.7
TD-00375,user-profile-api,user-profile-api/services/core/session_handler_18.py,Tier_2,Python,User Management,healthy_active,447,14,14,5,3.09,0,7,4.57,884,49,2,0.506,6.4,0.062,86.73,0.028,0,0,45,3.8,4.2
TD-00376,notification-dispatcher,notification-dispatcher/src/routes/exporter_9.js,Tier_2,Node.js,Communications,dormant_legacy,893,35,46,26,25.54,1,14,56.51,9,3,0,0.148,30.2,0.102,17.44,0.074,0,0,80,7.9,9.5
TD-00377,batch-reporting-service,batch-reporting-service/src/main/java/com/platform/controller/exporter_14.java,Tier_3,Java,Reporting,healthy_active,686,11,13,5,4.62,0,8,5.82,606,34,5,0.227,17.4,0.039,93.89,0.067,1,0,43,5.8,3.6
TD-00378,internal-admin-portal,internal-admin-portal/src/pages/admin/rule_engine_9.tsx,Tier_3,TypeScript,Backoffice,average,509,16,21,5,12.73,0,7,23.88,294,14,5,0.313,18.8,0.107,45.33,0.069,1,0,67,20.4,15.7
TD-00379,payment-gateway,payment-gateway/internal/service/dispatcher_10.go,Tier_1,Go,Fintech/Checkout,legacy_hotspot,1731,118,184,40,19.56,2,20,33.71,568,60,11,0.676,72.6,0.257,32.28,0.169,7,2,159,26.6,35.2
TD-00380,notification-dispatcher,notification-dispatcher/src/services/processor_6.js,Tier_2,Node.js,Communications,average,595,12,14,12,15.38,0,21,21.81,412,9,4,0.371,17.1,0.081,54.03,0.13,1,1,87,17.9,16.1
TD-00381,order-management,order-management/src/main/java/com/platform/util/validator_5.java,Tier_1,Java,Core Business,dormant_legacy,2084,41,47,19,16.37,1,21,52.24,13,3,1,0.332,28.7,0.182,17.24,0.042,0,0,68,9.6,4.6
TD-00382,payment-gateway,payment-gateway/pkg/handler/cache_adapter_17.go,Tier_1,Go,Fintech/Checkout,average,564,27,31,5,5.62,0,9,13.21,319,10,2,0.309,34.2,0.199,60.73,0.067,0,0,70,21.5,14.0
TD-00383,user-profile-api,user-profile-api/utils/helpers/router_15.py,Tier_2,Python,User Management,healthy_active,878,12,12,4,0.64,0,6,1.98,556,40,4,0.517,7.9,0.076,90.76,0.019,1,0,53,7.6,3.4
TD-00384,notification-dispatcher,notification-dispatcher/src/controllers/session_handler_10.js,Tier_2,Node.js,Communications,average,571,24,30,11,8.42,0,21,34.98,142,7,3,0.637,14.0,0.141,61.68,0.089,0,0,86,18.6,15.0
TD-00385,notification-dispatcher,notification-dispatcher/src/queues/rule_engine_3.js,Tier_2,Node.js,Communications,legacy_hotspot,1997,83,114,77,16.75,5,28,55.86,2128,76,8,0.703,72.0,0.622,9.22,0.17,7,0,170,41.3,78.4
TD-00386,payment-gateway,payment-gateway/internal/service/manager_20.go,Tier_1,Go,Fintech/Checkout,legacy_hotspot,1208,70,117,34,22.68,1,38,36.52,971,66,14,0.969,90.0,0.63,32.08,0.218,7,1,151,58.1,75.9
TD-00387,payment-gateway,payment-gateway/pkg/handler/dispatcher_15.go,Tier_1,Go,Fintech/Checkout,healthy_active,298,7,7,2,4.46,0,12,13.69,661,34,4,0.299,13.4,0.094,86.07,0.076,0,0,58,5.5,5.1
TD-00388,search-indexer,search-indexer/src/main/scala/index/rule_engine_15.scala,Tier_2,Scala,Search/Discovery,dormant_legacy,1022,40,57,44,28.38,0,13,61.78,78,2,0,0.181,36.9,0.168,47.11,0.091,0,0,56,16.3,8.8
TD-00389,search-indexer,search-indexer/src/main/scala/index/aggregator_17.scala,Tier_2,Scala,Search/Discovery,legacy_hotspot,3122,75,128,26,13.12,3,32,27.52,1364,27,4,0.804,34.4,0.533,20.64,0.173,3,0,108,28.3,39.7
TD-00390,auth-service,auth-service/pkg/storage/router_4.go,Tier_1,Go,Security/IAM,average,1948,27,36,11,15.31,0,14,11.01,101,6,2,0.347,27.7,0.192,74.65,0.082,2,0,35,18.6,7.2
TD-00391,inventory-worker,inventory-worker/tasks/workers/legacy_sync_17.py,Tier_2,Python,Supply Chain,legacy_hotspot,2957,88,119,38,31.12,1,18,69.6,1255,73,9,0.779,89.5,0.474,19.31,0.301,5,2,28,53.9,65.2
TD-00392,inventory-worker,inventory-worker/services/core/aggregator_13.py,Tier_2,Python,Supply Chain,healthy_active,646,5,5,3,1.46,0,3,7.79,994,40,5,0.551,17.0,0.073,91.57,0.041,1,0,49,0.1,6.1
TD-00393,batch-reporting-service,batch-reporting-service/src/main/java/com/platform/service/processor_7.java,Tier_3,Java,Reporting,dormant_legacy,2089,48,59,34,15.44,1,14,59.31,107,3,0,0.072,14.4,0.174,20.16,0.041,0,0,77,14.6,6.3
TD-00394,inventory-worker,inventory-worker/handlers/api/exporter_5.py,Tier_2,Python,Supply Chain,healthy_active,670,6,6,5,4.17,0,12,4.94,404,29,5,0.477,17.2,0.075,88.8,0.078,0,0,34,0.2,6.1
TD-00395,inventory-worker,inventory-worker/models/data/session_handler_4.py,Tier_2,Python,Supply Chain,legacy_hotspot,3516,114,147,27,34.38,0,15,59.14,1776,84,15,0.779,69.2,0.552,34.66,0.376,4,1,203,26.5,71.0
TD-00396,payment-gateway,payment-gateway/pkg/client/cache_adapter_14.go,Tier_1,Go,Fintech/Checkout,healthy_active,357,3,3,1,3.82,0,8,10.45,1356,57,3,0.319,13.2,0.103,88.05,0.012,0,0,30,3.7,4.8
TD-00397,order-management,order-management/src/main/java/com/platform/controller/router_18.java,Tier_1,Java,Core Business,healthy_active,534,8,8,4,1.74,0,8,8.94,627,59,6,0.214,15.5,0.075,84.09,0.028,0,0,28,5.1,7.2
TD-00398,user-profile-api,user-profile-api/tasks/workers/client_pool_12.py,Tier_2,Python,User Management,average,1110,22,24,10,4.53,0,12,29.03,492,7,3,0.638,12.2,0.203,50.99,0.154,1,0,35,15.8,16.2
TD-00399,auth-service,auth-service/pkg/client/state_machine_2.go,Tier_1,Go,Security/IAM,legacy_hotspot,1875,81,118,51,12.83,0,19,81.7,801,110,8,0.803,92.7,0.628,30.51,0.289,8,4,154,54.3,26.5
TD-00400,search-indexer,search-indexer/src/main/scala/engine/legacy_sync_3.scala,Tier_2,Scala,Search/Discovery,healthy_active,567,4,4,1,0.89,0,13,6.05,312,36,5,0.397,5.6,0.064,93.16,0.052,0,0,52,0.2,1.9
TD-00401,notification-dispatcher,notification-dispatcher/src/queues/router_19.js,Tier_2,Node.js,Communications,average,784,15,19,9,13.03,1,11,20.49,240,9,2,0.623,34.4,0.114,68.95,0.092,3,0,63,18.6,14.5
TD-00402,search-indexer,search-indexer/src/main/scala/pipeline/query_builder_14.scala,Tier_2,Scala,Search/Discovery,dormant_legacy,1155,51,64,44,14.09,1,7,33.46,93,3,0,0.34,23.9,0.217,16.87,0.13,1,1,75,15.3,3.0
TD-00403,inventory-worker,inventory-worker/services/core/router_1.py,Tier_2,Python,Supply Chain,healthy_active,587,5,5,4,1.33,0,7,3.9,427,68,2,0.436,13.6,0.057,86.08,0.033,1,0,36,7.7,5.4
TD-00404,notification-dispatcher,notification-dispatcher/src/controllers/exporter_20.js,Tier_2,Node.js,Communications,average,1212,17,20,5,15.52,0,13,30.79,221,17,3,0.361,26.9,0.083,56.99,0.158,0,0,87,12.3,18.7
TD-00405,analytics-etl,analytics-etl/models/data/validator_14.py,Tier_3,Python,Data/BI,healthy_active,659,12,14,4,0.67,0,9,9.68,494,63,2,0.373,13.8,0.038,88.98,0.061,0,0,38,3.1,4.9
TD-00406,auth-service,auth-service/internal/service/router_19.go,Tier_1,Go,Security/IAM,legacy_hotspot,1550,59,87,44,40.33,1,21,82.91,1469,62,4,0.942,74.0,0.386,22.48,0.355,6,5,115,38.1,32.8
TD-00407,search-indexer,search-indexer/src/main/scala/pipeline/validator_13.scala,Tier_2,Scala,Search/Discovery,legacy_hotspot,3081,88,111,34,32.0,2,21,30.72,1454,56,13,0.949,62.4,0.488,28.08,0.353,6,4,197,48.8,58.4
TD-00408,inventory-worker,inventory-worker/models/data/aggregator_11.py,Tier_2,Python,Supply Chain,average,790,20,22,13,5.02,0,16,16.59,268,16,4,0.335,30.1,0.119,58.31,0.05,0,1,78,20.8,15.5
TD-00409,order-management,order-management/src/main/java/com/platform/service/client_pool_4.java,Tier_1,Java,Core Business,legacy_hotspot,3077,77,123,37,36.43,1,22,44.25,1268,81,13,0.693,42.6,0.512,17.09,0.354,8,3,191,32.2,78.3
TD-00410,internal-admin-portal,internal-admin-portal/src/components/forms/parser_12.tsx,Tier_3,TypeScript,Backoffice,legacy_hotspot,2610,78,99,44,39.38,1,13,52.0,737,82,9,0.755,53.9,0.495,25.2,0.255,8,2,137,45.3,29.1
TD-00411,notification-dispatcher,notification-dispatcher/src/controllers/aggregator_4.js,Tier_2,Node.js,Communications,average,1028,16,21,15,14.3,1,16,32.84,270,16,3,0.407,28.7,0.213,47.31,0.043,3,0,32,9.1,18.4
TD-00412,order-management,order-management/src/main/java/com/platform/repository/aggregator_6.java,Tier_1,Java,Core Business,healthy_active,768,14,15,5,3.27,0,11,2.6,425,40,6,0.253,10.9,0.031,84.22,0.02,0,0,34,7.6,8.0
TD-00413,batch-reporting-service,batch-reporting-service/src/main/java/com/platform/controller/exporter_3.java,Tier_3,Java,Reporting,legacy_hotspot,1560,54,67,39,21.1,1,35,70.2,1575,54,14,0.884,42.2,0.373,20.16,0.246,8,3,139,43.7,72.2
TD-00414,order-management,order-management/src/main/java/com/platform/util/legacy_sync_19.java,Tier_1,Java,Core Business,dormant_legacy,1514,52,59,39,13.97,0,20,53.11,51,2,0,0.279,39.0,0.08,15.64,0.133,0,0,99,7.1,5.8
TD-00415,batch-reporting-service,batch-reporting-service/src/main/java/com/platform/util/query_builder_19.java,Tier_3,Java,Reporting,healthy_active,319,7,8,0,3.7,0,14,6.35,724,59,2,0.549,7.2,0.068,80.39,0.038,0,0,21,7.9,8.0
TD-00416,batch-reporting-service,batch-reporting-service/src/main/java/com/platform/repository/state_machine_11.java,Tier_3,Java,Reporting,healthy_active,412,10,10,3,2.85,0,6,9.85,416,52,3,0.297,7.4,0.108,81.58,0.065,0,0,40,8.0,6.9
TD-00417,order-management,order-management/src/main/java/com/platform/util/validator_16.java,Tier_1,Java,Core Business,average,968,19,19,4,14.64,0,21,19.03,203,13,4,0.627,20.8,0.154,73.62,0.148,2,1,71,11.8,14.8
TD-00418,analytics-etl,analytics-etl/models/data/exporter_9.py,Tier_3,Python,Data/BI,healthy_active,766,13,12,4,3.14,0,12,14.8,239,28,5,0.262,16.4,0.047,80.49,0.018,0,0,34,1.0,6.9
TD-00419,batch-reporting-service,batch-reporting-service/src/main/java/com/platform/service/session_handler_17.java,Tier_3,Java,Reporting,average,1792,19,19,12,9.99,0,17,21.51,149,15,5,0.586,28.6,0.173,60.8,0.052,3,0,66,20.0,16.1
TD-00420,auth-service,auth-service/pkg/storage/legacy_sync_15.go,Tier_1,Go,Security/IAM,healthy_active,541,16,18,4,0.49,0,6,1.54,425,20,3,0.476,11.9,0.028,80.93,0.037,0,0,29,6.3,3.9
TD-00421,payment-gateway,payment-gateway/pkg/handler/session_handler_10.go,Tier_1,Go,Fintech/Checkout,legacy_hotspot,1987,71,108,70,47.76,0,25,32.05,1429,70,16,0.819,90.1,0.637,32.8,0.207,6,3,115,46.8,33.7
TD-00422,auth-service,auth-service/pkg/handler/rule_engine_20.go,Tier_1,Go,Security/IAM,healthy_active,504,15,14,3,2.86,0,8,5.88,872,30,5,0.214,13.6,0.104,90.74,0.038,0,0,29,7.7,7.9
TD-00423,internal-admin-portal,internal-admin-portal/src/state/legacy_sync_19.tsx,Tier_3,TypeScript,Backoffice,average,862,12,15,6,5.28,0,15,31.75,315,10,3,0.61,32.3,0.109,63.73,0.049,1,0,69,13.6,14.1
TD-00424,internal-admin-portal,internal-admin-portal/src/pages/admin/legacy_sync_19.tsx,Tier_3,TypeScript,Backoffice,healthy_active,497,5,4,0,1.69,0,3,14.37,918,31,3,0.457,10.4,0.099,78.43,0.053,0,0,31,5.1,4.7
TD-00425,user-profile-api,user-profile-api/models/data/rule_engine_16.py,Tier_2,Python,User Management,healthy_active,164,6,5,5,2.87,0,8,11.89,659,52,5,0.361,11.9,0.084,95.5,0.015,0,0,36,2.0,4.3
TD-00426,internal-admin-portal,internal-admin-portal/src/components/forms/processor_15.tsx,Tier_3,TypeScript,Backoffice,healthy_active,622,8,8,0,0.26,0,4,3.02,550,31,7,0.298,5.9,0.105,89.1,0.023,0,0,38,5.3,3.8
TD-00427,auth-service,auth-service/pkg/storage/cache_adapter_3.go,Tier_1,Go,Security/IAM,average,649,15,20,6,9.12,0,9,29.33,439,18,4,0.613,17.7,0.128,67.59,0.091,2,1,61,15.3,9.2
TD-00428,internal-admin-portal,internal-admin-portal/src/components/forms/processor_8.tsx,Tier_3,TypeScript,Backoffice,healthy_active,688,11,10,0,0.57,0,13,3.45,423,49,3,0.584,13.4,0.038,86.53,0.055,0,0,47,0.1,1.9
TD-00429,analytics-etl,analytics-etl/utils/helpers/client_pool_17.py,Tier_3,Python,Data/BI,legacy_hotspot,1614,50,62,64,17.54,1,10,81.79,1721,51,9,0.899,65.6,0.395,16.41,0.366,6,2,185,44.2,47.7
TD-00430,batch-reporting-service,batch-reporting-service/src/main/java/com/platform/controller/session_handler_12.java,Tier_3,Java,Reporting,healthy_active,768,9,10,0,1.17,0,3,0.8,1182,40,4,0.326,15.1,0.033,91.73,0.015,0,0,47,7.2,5.1
TD-00431,inventory-worker,inventory-worker/utils/helpers/router_11.py,Tier_2,Python,Supply Chain,healthy_active,375,5,5,1,2.21,0,4,0.07,756,86,7,0.278,10.8,0.098,86.74,0.033,0,0,17,4.9,7.8
TD-00432,batch-reporting-service,batch-reporting-service/src/main/java/com/platform/service/exporter_11.java,Tier_3,Java,Reporting,dormant_legacy,1678,51,62,22,24.03,1,11,38.74,27,0,1,0.113,28.0,0.241,25.48,0.149,1,0,79,5.9,3.7
TD-00433,auth-service,auth-service/pkg/storage/validator_18.go,Tier_1,Go,Security/IAM,healthy_active,289,17,18,2,0.39,0,3,12.23,659,44,4,0.286,9.8,0.049,91.77,0.063,0,0,39,0.7,1.1
TD-00434,search-indexer,search-indexer/src/main/scala/index/dispatcher_20.scala,Tier_2,Scala,Search/Discovery,healthy_active,250,12,13,2,3.0,0,5,14.32,414,28,7,0.564,7.8,0.071,95.26,0.022,0,0,50,2.8,3.2
TD-00435,order-management,order-management/src/main/java/com/platform/repository/validator_19.java,Tier_1,Java,Core Business,dormant_legacy,928,45,57,12,26.81,0,22,52.73,44,0,1,0.045,14.6,0.086,39.1,0.128,0,0,119,17.3,10.6
TD-00436,order-management,order-management/src/main/java/com/platform/repository/dispatcher_13.java,Tier_1,Java,Core Business,healthy_active,486,4,4,3,1.97,0,8,11.6,644,75,5,0.331,5.1,0.07,80.67,0.067,0,0,32,6.1,7.7
TD-00437,order-management,order-management/src/main/java/com/platform/service/dispatcher_18.java,Tier_1,Java,Core Business,average,917,17,20,10,12.98,0,20,22.24,100,16,5,0.635,18.3,0.176,73.22,0.12,2,0,65,10.2,13.5
TD-00438,search-indexer,search-indexer/src/main/scala/pipeline/exporter_11.scala,Tier_2,Scala,Search/Discovery,healthy_active,347,6,5,2,0.22,0,7,10.28,239,50,2,0.24,5.6,0.077,92.06,0.036,1,0,33,5.4,6.8
TD-00439,order-management,order-management/src/main/java/com/platform/service/query_builder_14.java,Tier_1,Java,Core Business,healthy_active,757,4,3,4,2.81,0,6,14.32,288,28,3,0.252,11.2,0.035,89.09,0.021,0,0,29,6.6,1.3
TD-00440,internal-admin-portal,internal-admin-portal/src/hooks/processor_12.tsx,Tier_3,TypeScript,Backoffice,healthy_active,175,4,3,3,1.79,0,3,7.03,235,33,7,0.513,10.0,0.079,84.28,0.033,1,0,28,6.9,5.7
TD-00441,inventory-worker,inventory-worker/handlers/api/aggregator_11.py,Tier_2,Python,Supply Chain,healthy_active,380,17,19,5,1.92,0,4,0.97,550,34,2,0.433,8.5,0.072,90.59,0.017,0,0,21,7.3,3.1
TD-00442,analytics-etl,analytics-etl/handlers/api/aggregator_5.py,Tier_3,Python,Data/BI,healthy_active,639,14,13,1,1.88,0,9,3.37,240,38,4,0.596,6.2,0.072,92.27,0.04,0,0,34,4.8,1.4
TD-00443,order-management,order-management/src/main/java/com/platform/service/dispatcher_4.java,Tier_1,Java,Core Business,healthy_active,466,17,20,4,3.08,0,9,4.96,566,55,5,0.432,13.3,0.092,82.59,0.016,0,0,16,3.4,7.6
TD-00444,internal-admin-portal,internal-admin-portal/src/pages/admin/query_builder_11.tsx,Tier_3,TypeScript,Backoffice,healthy_active,350,10,9,3,0.67,0,5,1.72,985,84,4,0.511,7.5,0.088,94.24,0.037,1,0,36,1.0,7.8
TD-00445,batch-reporting-service,batch-reporting-service/src/main/java/com/platform/controller/rule_engine_13.java,Tier_3,Java,Reporting,legacy_hotspot,2883,61,93,33,44.94,2,29,79.41,1208,111,16,0.887,87.9,0.505,17.18,0.239,3,3,206,34.7,51.2
TD-00446,order-management,order-management/src/main/java/com/platform/controller/manager_20.java,Tier_1,Java,Core Business,healthy_active,387,3,3,5,4.45,0,13,2.61,665,34,7,0.531,12.1,0.107,90.98,0.055,0,0,29,0.8,1.3
TD-00447,order-management,order-management/src/main/java/com/platform/util/processor_14.java,Tier_1,Java,Core Business,healthy_active,469,15,14,2,3.59,0,12,10.83,464,74,3,0.309,6.2,0.025,82.34,0.058,0,0,29,2.0,7.0
TD-00448,notification-dispatcher,notification-dispatcher/src/controllers/legacy_sync_20.js,Tier_2,Node.js,Communications,legacy_hotspot,2787,90,135,50,26.45,2,16,65.13,1022,136,4,0.703,60.9,0.337,24.5,0.276,8,1,203,33.8,45.6
TD-00449,inventory-worker,inventory-worker/utils/helpers/aggregator_18.py,Tier_2,Python,Supply Chain,healthy_active,357,8,8,5,2.8,0,11,10.83,812,45,4,0.493,5.5,0.095,78.82,0.024,1,0,32,3.8,1.3
TD-00450,user-profile-api,user-profile-api/models/data/exporter_16.py,Tier_2,Python,User Management,healthy_active,1097,15,14,0,3.89,0,3,7.88,315,48,4,0.494,5.7,0.042,83.89,0.025,0,0,53,7.7,7.5
TD-00451,user-profile-api,user-profile-api/models/data/query_builder_19.py,Tier_2,Python,User Management,healthy_active,1021,16,15,5,1.61,0,6,5.58,696,38,6,0.517,13.4,0.087,90.01,0.046,0,0,32,5.8,3.1
TD-00452,analytics-etl,analytics-etl/utils/helpers/exporter_10.py,Tier_3,Python,Data/BI,average,1471,18,20,5,13.88,0,8,14.46,172,10,3,0.624,30.3,0.147,65.4,0.148,0,0,24,15.6,17.2
TD-00453,search-indexer,search-indexer/src/main/scala/pipeline/client_pool_14.scala,Tier_2,Scala,Search/Discovery,legacy_hotspot,2143,82,138,58,36.26,1,34,50.84,2375,60,14,0.728,50.0,0.443,24.29,0.2,4,0,165,58.7,48.5
TD-00454,order-management,order-management/src/main/java/com/platform/controller/exporter_20.java,Tier_1,Java,Core Business,legacy_hotspot,1845,89,117,32,18.25,1,21,58.4,1191,68,17,0.932,66.9,0.432,9.09,0.246,6,2,162,55.7,54.0
TD-00455,order-management,order-management/src/main/java/com/platform/repository/processor_16.java,Tier_1,Java,Core Business,healthy_active,386,9,10,4,4.8,0,7,11.72,1181,32,4,0.485,16.3,0.057,79.36,0.077,0,0,50,4.4,2.4
TD-00456,notification-dispatcher,notification-dispatcher/src/queues/parser_4.js,Tier_2,Node.js,Communications,average,653,21,23,12,7.73,1,8,12.5,1126,6,4,0.55,23.7,0.14,57.77,0.145,1,0,77,10.1,18.7
TD-00457,internal-admin-portal,internal-admin-portal/src/pages/admin/dispatcher_3.tsx,Tier_3,TypeScript,Backoffice,average,969,15,18,15,7.51,0,14,31.24,545,16,4,0.515,13.3,0.151,71.13,0.066,2,0,87,16.8,17.2
TD-00458,order-management,order-management/src/main/java/com/platform/repository/legacy_sync_17.java,Tier_1,Java,Core Business,average,403,17,19,8,4.68,0,18,32.54,324,16,2,0.539,17.0,0.095,69.88,0.123,1,0,58,9.7,7.7
TD-00459,order-management,order-management/src/main/java/com/platform/util/validator_8.java,Tier_1,Java,Core Business,healthy_active,1095,7,6,5,0.68,0,9,6.39,841,72,7,0.547,5.8,0.083,90.96,0.021,0,0,34,7.4,2.2
TD-00460,analytics-etl,analytics-etl/models/data/parser_1.py,Tier_3,Python,Data/BI,healthy_active,735,6,5,1,2.72,0,8,1.12,503,52,5,0.596,10.8,0.077,89.09,0.065,1,0,33,1.9,7.1
TD-00461,search-indexer,search-indexer/src/main/scala/engine/router_17.scala,Tier_2,Scala,Search/Discovery,healthy_active,878,5,5,4,0.18,0,11,9.58,621,66,7,0.525,14.5,0.076,89.37,0.027,0,0,40,0.9,5.8
TD-00462,notification-dispatcher,notification-dispatcher/src/controllers/router_3.js,Tier_2,Node.js,Communications,healthy_active,314,5,5,3,3.63,0,3,8.21,308,40,5,0.458,6.5,0.076,95.66,0.046,1,0,37,8.0,5.1
TD-00463,notification-dispatcher,notification-dispatcher/src/controllers/processor_11.js,Tier_2,Node.js,Communications,legacy_hotspot,2250,113,148,35,25.02,2,24,30.26,1382,30,4,0.71,65.0,0.63,25.26,0.349,8,1,169,49.3,47.1
TD-00464,auth-service,auth-service/pkg/storage/exporter_5.go,Tier_1,Go,Security/IAM,dormant_legacy,1217,26,30,36,17.29,2,11,67.34,64,1,0,0.121,14.5,0.146,40.5,0.094,0,0,103,6.9,8.9
TD-00465,order-management,order-management/src/main/java/com/platform/service/dispatcher_16.java,Tier_1,Java,Core Business,healthy_active,310,10,11,4,3.34,0,12,8.61,459,59,6,0.523,7.3,0.066,86.51,0.034,1,0,24,4.3,4.6
TD-00466,order-management,order-management/src/main/java/com/platform/util/legacy_sync_20.java,Tier_1,Java,Core Business,average,557,23,23,9,6.9,0,15,23.26,400,10,5,0.565,16.9,0.156,69.13,0.104,1,0,43,15.9,15.2
TD-00467,payment-gateway,payment-gateway/pkg/handler/processor_9.go,Tier_1,Go,Fintech/Checkout,dormant_legacy,1837,72,84,68,21.75,1,17,45.21,23,1,1,0.336,35.5,0.123,17.54,0.094,1,1,107,11.6,5.5
TD-00468,user-profile-api,user-profile-api/handlers/api/client_pool_20.py,Tier_2,Python,User Management,healthy_active,649,6,5,2,0.74,0,6,10.13,463,34,3,0.284,6.8,0.114,91.71,0.059,0,0,40,2.0,3.2
TD-00469,internal-admin-portal,internal-admin-portal/src/state/validator_10.tsx,Tier_3,TypeScript,Backoffice,healthy_active,640,4,4,0,1.36,0,6,14.63,401,36,2,0.359,8.7,0.064,89.39,0.018,0,0,32,4.1,3.2
TD-00470,user-profile-api,user-profile-api/models/data/validator_2.py,Tier_2,Python,User Management,average,894,18,20,11,5.54,0,19,18.14,505,7,4,0.308,29.7,0.214,70.87,0.06,1,0,88,18.0,10.4
TD-00471,user-profile-api,user-profile-api/utils/helpers/query_builder_20.py,Tier_2,Python,User Management,average,972,24,27,7,6.82,0,19,27.99,258,6,3,0.631,31.8,0.169,46.87,0.118,2,0,62,16.0,15.1
TD-00472,analytics-etl,analytics-etl/services/core/validator_16.py,Tier_3,Python,Data/BI,dormant_legacy,1593,49,56,12,25.94,0,5,45.0,31,0,1,0.198,31.1,0.118,35.0,0.078,1,0,87,8.8,5.3
TD-00473,batch-reporting-service,batch-reporting-service/src/main/java/com/platform/service/query_builder_17.java,Tier_3,Java,Reporting,healthy_active,205,10,11,0,1.96,0,7,3.72,432,39,4,0.422,8.1,0.04,84.55,0.057,0,0,23,6.3,5.1
TD-00474,batch-reporting-service,batch-reporting-service/src/main/java/com/platform/controller/cache_adapter_5.java,Tier_3,Java,Reporting,healthy_active,815,15,16,5,0.01,0,9,12.79,510,42,2,0.56,17.6,0.083,91.75,0.016,0,0,33,5.9,4.0
TD-00475,inventory-worker,inventory-worker/utils/helpers/processor_20.py,Tier_2,Python,Supply Chain,dormant_legacy,1188,34,38,17,21.17,0,11,56.52,6,3,0,0.161,27.8,0.189,41.87,0.136,0,1,70,13.3,9.9
TD-00476,notification-dispatcher,notification-dispatcher/src/controllers/rule_engine_14.js,Tier_2,Node.js,Communications,healthy_active,702,7,8,2,1.56,0,14,10.96,920,28,5,0.51,7.7,0.053,79.94,0.075,0,0,15,7.7,3.3
TD-00477,order-management,order-management/src/main/java/com/platform/service/client_pool_12.java,Tier_1,Java,Core Business,average,409,22,25,11,14.66,0,19,21.39,126,16,5,0.301,18.1,0.149,63.56,0.048,2,0,62,8.9,16.3
TD-00478,auth-service,auth-service/internal/middleware/client_pool_17.go,Tier_1,Go,Security/IAM,dormant_legacy,1295,31,40,11,12.57,1,22,41.45,7,3,0,0.003,29.3,0.069,42.33,0.149,0,0,79,16.1,3.7
TD-00479,internal-admin-portal,internal-admin-portal/src/pages/admin/router_16.tsx,Tier_3,TypeScript,Backoffice,healthy_active,345,4,4,2,1.13,0,9,7.58,1147,55,7,0.519,8.7,0.079,86.91,0.076,1,0,55,0.4,4.8
TD-00480,payment-gateway,payment-gateway/pkg/client/session_handler_9.go,Tier_1,Go,Fintech/Checkout,dormant_legacy,1388,42,55,20,27.95,0,23,24.16,28,1,0,0.161,19.0,0.125,43.0,0.128,0,0,113,16.4,2.5
TD-00481,payment-gateway,payment-gateway/pkg/storage/exporter_3.go,Tier_1,Go,Fintech/Checkout,healthy_active,606,5,5,1,1.74,0,3,10.56,747,46,5,0.504,5.3,0.071,79.15,0.035,0,0,15,3.4,2.6
TD-00482,notification-dispatcher,notification-dispatcher/src/controllers/cache_adapter_4.js,Tier_2,Node.js,Communications,average,809,22,24,10,11.87,0,13,22.05,261,8,5,0.61,22.2,0.188,74.15,0.083,2,0,88,13.0,6.8
TD-00483,batch-reporting-service,batch-reporting-service/src/main/java/com/platform/repository/manager_2.java,Tier_3,Java,Reporting,healthy_active,696,7,7,1,1.55,0,13,8.36,384,30,5,0.531,17.9,0.057,82.54,0.018,0,0,31,6.8,5.1
TD-00484,notification-dispatcher,notification-dispatcher/src/queues/session_handler_6.js,Tier_2,Node.js,Communications,healthy_active,618,14,16,5,2.8,0,8,2.15,1051,67,3,0.306,7.1,0.087,79.88,0.042,0,0,23,2.8,3.4
TD-00485,analytics-etl,analytics-etl/utils/helpers/query_builder_6.py,Tier_3,Python,Data/BI,healthy_active,432,10,11,4,3.62,0,12,3.03,804,31,7,0.284,11.3,0.074,82.58,0.015,1,0,43,8.0,7.3
TD-00486,order-management,order-management/src/main/java/com/platform/service/cache_adapter_15.java,Tier_1,Java,Core Business,legacy_hotspot,2935,160,243,43,22.26,1,33,84.03,1838,50,17,0.978,66.8,0.439,20.86,0.347,5,5,193,25.0,74.2
TD-00487,payment-gateway,payment-gateway/pkg/storage/aggregator_2.go,Tier_1,Go,Fintech/Checkout,dormant_legacy,1111,35,51,21,20.26,0,9,60.38,67,1,0,0.119,20.9,0.241,42.62,0.114,0,1,79,16.3,4.7
TD-00488,user-profile-api,user-profile-api/services/core/session_handler_10.py,Tier_2,Python,User Management,healthy_active,370,6,6,4,3.65,0,13,1.18,663,30,3,0.331,15.5,0.038,86.36,0.011,0,0,27,0.4,7.8
TD-00489,internal-admin-portal,internal-admin-portal/src/state/state_machine_18.tsx,Tier_3,TypeScript,Backoffice,healthy_active,999,9,9,0,4.07,0,12,3.85,381,29,5,0.516,13.8,0.12,78.25,0.035,0,0,26,5.7,1.6
TD-00490,analytics-etl,analytics-etl/models/data/processor_7.py,Tier_3,Python,Data/BI,healthy_active,347,4,3,3,1.0,0,14,8.72,372,72,7,0.321,10.0,0.073,82.91,0.074,0,0,33,3.4,6.9
TD-00491,inventory-worker,inventory-worker/models/data/state_machine_2.py,Tier_2,Python,Supply Chain,dormant_legacy,1173,45,66,43,9.42,0,18,29.37,35,1,0,0.151,15.2,0.071,41.4,0.049,0,1,130,17.7,5.8
TD-00492,notification-dispatcher,notification-dispatcher/src/services/validator_12.js,Tier_2,Node.js,Communications,average,756,20,20,14,5.92,0,13,31.9,59,19,2,0.407,33.2,0.181,65.09,0.136,0,0,83,14.4,17.0
TD-00493,search-indexer,search-indexer/src/main/scala/index/cache_adapter_15.scala,Tier_2,Scala,Search/Discovery,healthy_active,268,3,3,2,3.36,0,8,6.19,586,27,3,0.568,13.4,0.021,81.68,0.058,1,0,38,4.4,5.9
TD-00494,search-indexer,search-indexer/src/main/scala/index/manager_16.scala,Tier_2,Scala,Search/Discovery,legacy_hotspot,3395,69,104,62,42.82,0,39,59.93,1223,118,8,0.955,58.4,0.319,5.63,0.189,5,0,166,54.1,57.5
TD-00495,analytics-etl,analytics-etl/models/data/parser_17.py,Tier_3,Python,Data/BI,average,745,14,15,12,7.43,1,18,13.77,183,9,3,0.621,13.9,0.14,60.97,0.148,6,0,64,17.1,10.9
TD-00496,inventory-worker,inventory-worker/services/core/cache_adapter_14.py,Tier_2,Python,Supply Chain,legacy_hotspot,1585,53,87,48,40.43,0,31,61.5,1216,47,5,0.878,74.4,0.587,8.51,0.305,4,1,151,44.4,36.6
TD-00497,auth-service,auth-service/pkg/client/rule_engine_6.go,Tier_1,Go,Security/IAM,average,440,19,25,9,15.42,0,17,34.54,253,19,3,0.389,30.5,0.117,51.26,0.153,0,1,76,11.9,10.9
TD-00498,internal-admin-portal,internal-admin-portal/src/hooks/session_handler_4.tsx,Tier_3,TypeScript,Backoffice,healthy_active,933,5,5,1,2.09,0,11,1.16,296,30,6,0.364,11.3,0.033,78.47,0.021,0,0,17,0.6,2.3
TD-00499,auth-service,auth-service/pkg/storage/query_builder_10.go,Tier_1,Go,Security/IAM,average,762,19,21,11,12.07,0,20,10.51,104,12,3,0.594,15.5,0.205,58.49,0.106,1,0,118,14.2,9.4
TD-00500,inventory-worker,inventory-worker/utils/helpers/rule_engine_14.py,Tier_2,Python,Supply Chain,healthy_active,576,3,3,3,1.6,0,6,4.89,288,46,7,0.492,7.5,0.092,88.35,0.018,0,0,16,1.0,4.4
TD-00501,order-management,order-management/src/main/java/com/platform/util/session_handler_15.java,Tier_1,Java,Core Business,healthy_active,504,15,16,3,0.78,0,12,11.74,726,23,7,0.321,10.8,0.062,79.91,0.076,0,0,38,6.0,1.5
TD-00502,payment-gateway,payment-gateway/pkg/storage/rule_engine_14.go,Tier_1,Go,Fintech/Checkout,legacy_hotspot,2555,58,78,47,19.79,1,31,26.73,763,33,17,0.772,38.3,0.353,9.19,0.368,8,4,141,51.9,42.6
TD-00503,inventory-worker,inventory-worker/services/core/validator_13.py,Tier_2,Python,Supply Chain,average,1338,15,15,5,12.19,1,7,21.82,508,14,2,0.36,20.5,0.188,45.91,0.121,3,0,66,9.3,10.4
TD-00504,notification-dispatcher,notification-dispatcher/src/queues/exporter_6.js,Tier_2,Node.js,Communications,dormant_legacy,772,100,121,13,19.74,1,7,24.49,107,3,1,0.082,27.2,0.094,20.14,0.095,1,0,63,10.3,9.0
TD-00505,payment-gateway,payment-gateway/internal/service/state_machine_20.go,Tier_1,Go,Fintech/Checkout,average,853,14,14,12,14.29,0,18,34.66,440,7,3,0.483,24.9,0.152,45.26,0.04,0,0,51,20.5,19.0
TD-00506,analytics-etl,analytics-etl/services/core/manager_3.py,Tier_3,Python,Data/BI,average,858,18,19,15,14.22,0,8,12.39,82,17,4,0.361,24.3,0.14,71.72,0.092,2,0,57,19.6,7.3
TD-00507,user-profile-api,user-profile-api/models/data/session_handler_13.py,Tier_2,Python,User Management,average,1644,22,30,14,8.3,0,15,22.5,305,17,5,0.425,16.6,0.109,50.61,0.099,3,0,58,17.7,7.0
TD-00508,batch-reporting-service,batch-reporting-service/src/main/java/com/platform/service/rule_engine_5.java,Tier_3,Java,Reporting,average,1137,18,20,4,13.36,0,15,23.34,154,6,3,0.315,22.3,0.097,57.94,0.092,3,1,89,15.9,13.4
TD-00509,analytics-etl,analytics-etl/models/data/session_handler_15.py,Tier_3,Python,Data/BI,legacy_hotspot,3053,90,128,72,16.44,3,33,42.81,1138,58,9,0.909,59.2,0.265,20.74,0.372,10,3,139,26.9,69.1
TD-00510,auth-service,auth-service/internal/middleware/manager_17.go,Tier_1,Go,Security/IAM,legacy_hotspot,1618,96,169,75,21.29,2,37,49.29,1087,95,14,0.751,30.4,0.624,23.93,0.203,8,1,163,43.4,76.0
TD-00511,notification-dispatcher,notification-dispatcher/src/lib/session_handler_9.js,Tier_2,Node.js,Communications,average,638,21,23,14,4.49,0,17,27.0,233,19,5,0.339,26.6,0.142,46.74,0.105,0,1,87,9.9,10.0
TD-00512,user-profile-api,user-profile-api/services/core/processor_6.py,Tier_2,Python,User Management,healthy_active,464,10,11,5,2.28,0,9,12.88,1086,29,2,0.522,16.4,0.045,93.06,0.042,0,0,35,5.1,2.2
TD-00513,analytics-etl,analytics-etl/tasks/workers/router_18.py,Tier_3,Python,Data/BI,healthy_active,1107,4,4,5,1.82,0,11,3.65,259,52,7,0.507,13.4,0.025,87.79,0.046,0,0,32,0.6,6.6
TD-00514,auth-service,auth-service/pkg/storage/exporter_9.go,Tier_1,Go,Security/IAM,healthy_active,310,17,17,2,4.93,0,11,0.6,458,51,7,0.288,5.0,0.092,85.03,0.064,0,0,28,6.0,7.3
TD-00515,analytics-etl,analytics-etl/handlers/api/rule_engine_10.py,Tier_3,Python,Data/BI,healthy_active,511,9,8,0,3.15,0,11,12.64,444,39,5,0.398,10.6,0.116,85.81,0.065,2,0,28,4.0,3.4
TD-00516,analytics-etl,analytics-etl/handlers/api/validator_5.py,Tier_3,Python,Data/BI,healthy_active,291,9,8,5,2.44,0,3,9.57,270,49,6,0.332,12.4,0.038,83.13,0.039,0,0,59,4.5,5.6
TD-00517,auth-service,auth-service/pkg/client/manager_15.go,Tier_1,Go,Security/IAM,legacy_hotspot,3222,98,146,107,37.97,0,24,61.09,1540,53,12,0.905,56.0,0.324,36.01,0.269,7,2,111,26.5,50.4
TD-00518,auth-service,auth-service/pkg/storage/query_builder_12.go,Tier_1,Go,Security/IAM,average,710,24,25,12,12.81,1,15,31.9,486,15,2,0.445,16.5,0.094,54.07,0.143,0,0,95,13.9,13.1
TD-00519,auth-service,auth-service/internal/middleware/client_pool_10.go,Tier_1,Go,Security/IAM,healthy_active,1548,14,14,4,0.1,0,12,5.72,568,75,6,0.555,10.5,0.072,83.99,0.029,0,0,28,5.6,5.2
TD-00520,inventory-worker,inventory-worker/handlers/api/cache_adapter_6.py,Tier_2,Python,Supply Chain,dormant_legacy,2457,39,54,34,16.02,1,17,61.12,82,3,1,0.19,22.4,0.189,31.65,0.129,1,0,70,12.0,3.4
TD-00521,notification-dispatcher,notification-dispatcher/src/queues/aggregator_4.js,Tier_2,Node.js,Communications,legacy_hotspot,5016,108,186,50,13.32,0,11,71.78,1203,53,14,0.686,81.7,0.317,15.75,0.333,8,1,155,38.4,36.2
TD-00522,user-profile-api,user-profile-api/handlers/api/aggregator_16.py,Tier_2,Python,User Management,average,744,25,27,14,7.23,0,19,25.9,278,12,3,0.453,13.6,0.214,68.79,0.088,2,0,99,11.8,15.8
TD-00523,payment-gateway,payment-gateway/pkg/storage/client_pool_19.go,Tier_1,Go,Fintech/Checkout,average,1498,20,24,8,4.74,1,7,12.57,77,14,3,0.387,32.5,0.209,72.06,0.154,2,0,54,20.2,10.2
TD-00524,notification-dispatcher,notification-dispatcher/src/lib/exporter_18.js,Tier_2,Node.js,Communications,average,789,24,29,12,4.46,0,11,33.16,171,17,3,0.323,32.6,0.202,59.16,0.102,2,0,28,14.7,18.0
TD-00525,order-management,order-management/src/main/java/com/platform/service/validator_10.java,Tier_1,Java,Core Business,average,1224,21,25,14,15.11,0,18,27.86,112,9,4,0.641,21.4,0.207,51.77,0.063,2,0,62,8.5,14.7
TD-00526,search-indexer,search-indexer/src/main/scala/pipeline/cache_adapter_16.scala,Tier_2,Scala,Search/Discovery,legacy_hotspot,2014,111,183,42,29.94,3,21,43.48,1009,38,13,0.944,48.2,0.623,19.33,0.308,10,2,191,36.0,36.9
TD-00527,internal-admin-portal,internal-admin-portal/src/state/exporter_14.tsx,Tier_3,TypeScript,Backoffice,legacy_hotspot,3667,121,181,29,43.05,0,17,59.53,1628,98,5,0.895,49.5,0.555,4.75,0.267,5,2,200,50.6,57.8
TD-00528,batch-reporting-service,batch-reporting-service/src/main/java/com/platform/service/manager_11.java,Tier_3,Java,Reporting,average,586,21,24,15,15.36,1,14,24.11,244,18,5,0.416,21.5,0.162,72.58,0.087,0,0,54,10.7,15.1
TD-00529,auth-service,auth-service/pkg/client/legacy_sync_17.go,Tier_1,Go,Security/IAM,legacy_hotspot,2988,98,163,42,36.11,1,34,55.78,1529,71,17,0.839,29.2,0.35,11.79,0.19,12,7,107,39.6,27.1
TD-00530,notification-dispatcher,notification-dispatcher/src/controllers/parser_18.js,Tier_2,Node.js,Communications,healthy_active,826,17,19,5,3.37,0,4,7.55,519,69,6,0.469,15.8,0.045,93.99,0.063,0,0,29,2.8,7.2
TD-00531,batch-reporting-service,batch-reporting-service/src/main/java/com/platform/controller/exporter_5.java,Tier_3,Java,Reporting,legacy_hotspot,3020,153,233,37,32.18,1,12,59.8,941,111,6,0.665,82.2,0.409,9.22,0.362,7,5,134,27.2,26.8
TD-00532,search-indexer,search-indexer/src/main/scala/pipeline/parser_2.scala,Tier_2,Scala,Search/Discovery,average,1026,19,25,4,15.1,0,9,32.03,456,15,2,0.526,34.7,0.086,72.57,0.113,2,1,43,13.8,13.5
TD-00533,auth-service,auth-service/internal/middleware/manager_10.go,Tier_1,Go,Security/IAM,legacy_hotspot,3542,83,138,20,44.05,1,27,26.91,1945,61,9,0.7,34.3,0.346,7.4,0.314,4,5,161,26.5,43.8
TD-00534,order-management,order-management/src/main/java/com/platform/controller/session_handler_8.java,Tier_1,Java,Core Business,dormant_legacy,1254,110,131,28,13.42,1,19,66.79,13,0,1,0.295,14.8,0.249,29.01,0.041,1,0,87,12.3,6.5
TD-00535,notification-dispatcher,notification-dispatcher/src/queues/parser_10.js,Tier_2,Node.js,Communications,healthy_active,231,8,8,1,0.55,0,11,8.95,517,41,2,0.457,17.3,0.041,90.81,0.062,0,0,29,7.2,7.8
TD-00536,auth-service,auth-service/pkg/storage/aggregator_18.go,Tier_1,Go,Security/IAM,healthy_active,281,16,18,1,0.57,0,3,13.84,654,33,3,0.349,5.1,0.08,89.65,0.036,1,0,15,3.4,7.8
TD-00537,inventory-worker,inventory-worker/handlers/api/query_builder_10.py,Tier_2,Python,Supply Chain,dormant_legacy,1060,81,113,40,16.4,2,8,57.46,25,2,1,0.25,21.1,0.108,33.33,0.03,0,0,92,5.1,8.7
TD-00538,batch-reporting-service,batch-reporting-service/src/main/java/com/platform/service/client_pool_6.java,Tier_3,Java,Reporting,healthy_active,587,16,17,2,1.21,0,11,5.68,267,93,4,0.277,10.8,0.06,92.32,0.063,0,0,41,0.7,7.4
TD-00539,batch-reporting-service,batch-reporting-service/src/main/java/com/platform/controller/manager_20.java,Tier_3,Java,Reporting,healthy_active,548,10,9,3,1.32,0,6,12.99,950,34,6,0.356,18.0,0.118,95.31,0.079,2,0,48,7.3,6.0
TD-00540,batch-reporting-service,batch-reporting-service/src/main/java/com/platform/repository/state_machine_19.java,Tier_3,Java,Reporting,legacy_hotspot,1928,74,102,55,25.06,3,35,63.5,1362,71,12,0.748,40.4,0.497,11.95,0.142,2,3,214,42.0,47.4
TD-00541,payment-gateway,payment-gateway/pkg/handler/validator_2.go,Tier_1,Go,Fintech/Checkout,average,1408,22,25,4,10.44,0,6,20.04,329,9,3,0.437,33.5,0.199,52.25,0.123,0,1,69,12.9,17.6
TD-00542,batch-reporting-service,batch-reporting-service/src/main/java/com/platform/repository/query_builder_7.java,Tier_3,Java,Reporting,average,487,15,18,5,9.21,0,21,34.83,145,5,5,0.593,12.5,0.113,67.72,0.11,2,1,80,11.2,13.7
TD-00543,batch-reporting-service,batch-reporting-service/src/main/java/com/platform/util/rule_engine_1.java,Tier_3,Java,Reporting,healthy_active,642,3,2,0,2.33,0,4,12.52,379,40,5,0.201,14.1,0.103,85.11,0.049,0,0,57,7.3,3.7
TD-00544,analytics-etl,analytics-etl/tasks/workers/dispatcher_10.py,Tier_3,Python,Data/BI,healthy_active,480,14,14,3,0.68,0,3,12.65,817,39,2,0.259,10.6,0.099,83.04,0.069,0,0,46,3.2,4.0
TD-00545,analytics-etl,analytics-etl/handlers/api/exporter_13.py,Tier_3,Python,Data/BI,healthy_active,828,8,8,2,3.58,0,8,7.0,436,58,6,0.293,9.6,0.099,86.78,0.025,0,0,49,5.2,2.6
TD-00546,inventory-worker,inventory-worker/utils/helpers/validator_2.py,Tier_2,Python,Supply Chain,average,877,18,22,8,10.67,0,13,28.82,107,8,3,0.469,20.5,0.125,65.59,0.066,3,0,61,16.6,19.7
TD-00547,order-management,order-management/src/main/java/com/platform/util/router_16.java,Tier_1,Java,Core Business,healthy_active,373,14,16,0,2.35,0,14,10.4,555,40,4,0.375,9.0,0.077,82.28,0.079,0,0,33,1.6,4.3
TD-00548,analytics-etl,analytics-etl/handlers/api/session_handler_20.py,Tier_3,Python,Data/BI,average,1739,18,23,13,14.78,0,6,32.75,301,16,4,0.484,16.4,0.204,55.3,0.086,2,0,98,9.3,8.7
TD-00549,order-management,order-management/src/main/java/com/platform/repository/state_machine_11.java,Tier_1,Java,Core Business,healthy_active,202,17,18,3,3.1,0,10,2.91,905,23,2,0.229,12.3,0.109,84.57,0.055,0,0,49,6.9,1.7
TD-00550,notification-dispatcher,notification-dispatcher/src/lib/manager_12.js,Tier_2,Node.js,Communications,healthy_active,218,15,16,0,4.08,0,10,5.46,654,27,4,0.594,16.0,0.113,92.2,0.042,0,0,36,1.7,2.1
TD-00551,internal-admin-portal,internal-admin-portal/src/pages/admin/session_handler_8.tsx,Tier_3,TypeScript,Backoffice,dormant_legacy,1460,46,57,41,12.05,0,5,25.1,59,0,1,0.282,37.7,0.229,47.2,0.138,0,0,71,8.5,4.3
TD-00552,analytics-etl,analytics-etl/services/core/dispatcher_15.py,Tier_3,Python,Data/BI,dormant_legacy,1341,33,47,19,19.12,1,18,44.98,23,0,1,0.139,29.7,0.222,49.43,0.085,0,0,90,5.9,5.8
TD-00553,user-profile-api,user-profile-api/handlers/api/validator_2.py,Tier_2,Python,User Management,healthy_active,317,4,4,1,2.31,0,5,14.5,522,32,3,0.474,13.5,0.075,88.14,0.061,0,0,43,2.8,7.1
TD-00554,inventory-worker,inventory-worker/utils/helpers/state_machine_20.py,Tier_2,Python,Supply Chain,average,425,21,23,13,13.67,0,10,21.88,137,10,5,0.428,33.2,0.096,59.61,0.063,1,0,94,10.3,11.7
TD-00555,search-indexer,search-indexer/src/main/scala/engine/state_machine_6.scala,Tier_2,Scala,Search/Discovery,healthy_active,687,11,12,2,1.36,0,11,0.39,838,31,4,0.217,17.6,0.101,84.49,0.044,0,0,50,3.6,7.1
TD-00556,notification-dispatcher,notification-dispatcher/src/queues/cache_adapter_11.js,Tier_2,Node.js,Communications,legacy_hotspot,2132,177,255,55,47.63,1,23,79.89,2771,86,11,0.745,69.8,0.47,30.67,0.195,6,1,190,42.5,63.4
TD-00557,user-profile-api,user-profile-api/handlers/api/legacy_sync_17.py,Tier_2,Python,User Management,average,811,22,26,8,6.79,0,17,31.37,536,18,4,0.569,13.7,0.209,46.53,0.098,1,0,54,18.6,17.0
TD-00558,analytics-etl,analytics-etl/utils/helpers/parser_10.py,Tier_3,Python,Data/BI,dormant_legacy,1784,39,49,45,30.03,1,18,50.61,39,2,1,0.03,23.7,0.174,38.29,0.145,0,1,83,13.5,6.5
TD-00559,analytics-etl,analytics-etl/services/core/validator_13.py,Tier_3,Python,Data/BI,average,1084,15,15,10,9.38,0,10,23.77,160,5,2,0.614,35.5,0.171,72.5,0.117,0,1,43,9.4,15.6
TD-00560,internal-admin-portal,internal-admin-portal/src/state/aggregator_7.tsx,Tier_3,TypeScript,Backoffice,healthy_active,260,10,10,2,4.8,0,10,8.23,677,39,4,0.548,13.7,0.044,89.68,0.053,1,0,29,4.7,6.1
TD-00561,batch-reporting-service,batch-reporting-service/src/main/java/com/platform/repository/processor_2.java,Tier_3,Java,Reporting,healthy_active,594,8,9,2,1.39,0,11,13.02,745,30,7,0.435,14.6,0.038,81.05,0.07,0,0,36,2.0,5.8
TD-00562,inventory-worker,inventory-worker/utils/helpers/rule_engine_16.py,Tier_2,Python,Supply Chain,healthy_active,758,5,5,4,2.31,0,14,5.48,611,33,2,0.412,11.8,0.069,85.38,0.028,0,0,39,3.1,4.1
TD-00563,inventory-worker,inventory-worker/tasks/workers/processor_4.py,Tier_2,Python,Supply Chain,legacy_hotspot,2188,85,146,28,23.69,1,29,25.58,1245,33,16,0.765,61.6,0.417,8.52,0.166,9,2,161,59.4,45.3
TD-00564,search-indexer,search-indexer/src/main/scala/engine/parser_9.scala,Tier_2,Scala,Search/Discovery,legacy_hotspot,5505,64,94,33,24.23,1,37,49.49,1582,37,11,0.662,47.8,0.415,22.71,0.203,6,2,141,59.1,45.9
TD-00565,notification-dispatcher,notification-dispatcher/src/lib/session_handler_2.js,Tier_2,Node.js,Communications,healthy_active,768,5,4,1,2.73,0,4,0.37,983,37,5,0.26,15.3,0.096,86.72,0.048,0,0,32,4.4,6.5
TD-00566,search-indexer,search-indexer/src/main/scala/engine/rule_engine_18.scala,Tier_2,Scala,Search/Discovery,dormant_legacy,1680,24,34,21,30.41,0,14,62.78,77,3,0,0.23,36.4,0.228,37.53,0.088,0,1,86,9.2,9.4
TD-00567,user-profile-api,user-profile-api/models/data/client_pool_10.py,Tier_2,Python,User Management,average,1091,21,21,10,10.87,0,10,28.78,388,19,2,0.368,13.9,0.191,54.74,0.143,2,0,51,13.8,9.3
TD-00568,auth-service,auth-service/pkg/client/client_pool_15.go,Tier_1,Go,Security/IAM,average,1280,27,28,11,4.09,0,7,27.57,144,10,3,0.374,32.8,0.138,67.51,0.106,2,0,86,9.5,18.5
TD-00569,internal-admin-portal,internal-admin-portal/src/hooks/state_machine_20.tsx,Tier_3,TypeScript,Backoffice,legacy_hotspot,1717,110,173,65,42.28,2,38,35.47,1121,100,5,0.668,74.8,0.28,10.91,0.146,4,4,164,33.7,38.4
TD-00570,batch-reporting-service,batch-reporting-service/src/main/java/com/platform/service/manager_4.java,Tier_3,Java,Reporting,average,921,16,19,15,7.38,0,13,23.54,497,15,4,0.454,18.9,0.101,60.84,0.111,1,0,79,14.0,17.9
TD-00571,search-indexer,search-indexer/src/main/scala/index/exporter_11.scala,Tier_2,Scala,Search/Discovery,healthy_active,666,10,10,3,4.42,0,6,13.94,1319,43,7,0.562,7.2,0.091,87.96,0.048,0,0,34,1.7,2.1
TD-00572,internal-admin-portal,internal-admin-portal/src/hooks/exporter_5.tsx,Tier_3,TypeScript,Backoffice,healthy_active,801,13,13,1,4.72,0,5,6.78,585,41,7,0.54,17.7,0.036,87.64,0.078,0,0,27,3.1,1.4
TD-00573,user-profile-api,user-profile-api/tasks/workers/client_pool_13.py,Tier_2,Python,User Management,average,1803,23,26,13,13.86,0,18,34.69,387,12,5,0.318,27.7,0.199,73.27,0.16,0,0,112,10.2,18.0
TD-00574,internal-admin-portal,internal-admin-portal/src/pages/admin/processor_2.tsx,Tier_3,TypeScript,Backoffice,healthy_active,370,5,4,1,3.36,0,12,8.39,463,44,4,0.51,11.6,0.035,84.28,0.051,1,0,41,1.0,4.9
TD-00575,order-management,order-management/src/main/java/com/platform/repository/exporter_16.java,Tier_1,Java,Core Business,dormant_legacy,963,78,113,74,8.95,1,20,55.83,24,3,1,0.016,38.5,0.079,46.61,0.031,1,0,118,14.4,4.8
TD-00576,internal-admin-portal,internal-admin-portal/src/state/manager_20.tsx,Tier_3,TypeScript,Backoffice,average,1632,16,22,5,11.25,0,10,29.62,245,7,2,0.411,26.4,0.135,57.07,0.128,1,0,72,12.5,10.5
TD-00577,internal-admin-portal,internal-admin-portal/src/components/forms/session_handler_20.tsx,Tier_3,TypeScript,Backoffice,healthy_active,857,9,9,2,4.78,0,7,0.96,610,43,4,0.452,15.1,0.037,81.82,0.047,0,0,20,6.3,6.7
TD-00578,notification-dispatcher,notification-dispatcher/src/controllers/router_20.js,Tier_2,Node.js,Communications,dormant_legacy,1242,54,63,30,15.82,0,15,53.15,43,2,0,0.246,22.9,0.05,20.69,0.135,0,0,71,15.4,10.6
TD-00579,inventory-worker,inventory-worker/tasks/workers/session_handler_17.py,Tier_2,Python,Supply Chain,dormant_legacy,2916,53,68,18,31.59,0,10,29.88,49,1,0,0.328,17.2,0.177,41.13,0.141,2,0,23,5.0,9.3
TD-00580,internal-admin-portal,internal-admin-portal/src/state/cache_adapter_19.tsx,Tier_3,TypeScript,Backoffice,healthy_active,599,6,5,1,0.62,0,4,9.98,186,39,7,0.223,12.2,0.055,93.18,0.035,0,0,44,6.9,3.6
TD-00581,inventory-worker,inventory-worker/utils/helpers/state_machine_1.py,Tier_2,Python,Supply Chain,dormant_legacy,1330,54,68,17,10.12,0,5,58.18,29,1,0,0.16,15.7,0.155,40.71,0.092,0,0,96,13.3,7.9
TD-00582,notification-dispatcher,notification-dispatcher/src/services/query_builder_4.js,Tier_2,Node.js,Communications,average,803,27,27,13,8.63,0,11,20.76,455,12,2,0.37,23.9,0.206,54.67,0.118,3,1,67,16.6,16.2
TD-00583,search-indexer,search-indexer/src/main/scala/pipeline/dispatcher_1.scala,Tier_2,Scala,Search/Discovery,dormant_legacy,957,108,144,27,22.33,0,19,61.82,132,1,1,0.254,37.9,0.094,25.86,0.029,0,1,56,9.2,3.3
TD-00584,batch-reporting-service,batch-reporting-service/src/main/java/com/platform/util/dispatcher_19.java,Tier_3,Java,Reporting,dormant_legacy,1105,90,124,11,30.09,1,14,32.29,26,0,1,0.244,18.3,0.064,31.85,0.042,1,0,93,12.4,4.8
TD-00585,batch-reporting-service,batch-reporting-service/src/main/java/com/platform/controller/cache_adapter_2.java,Tier_3,Java,Reporting,legacy_hotspot,2303,131,219,19,27.54,1,25,69.27,1324,42,11,0.705,54.9,0.377,7.3,0.241,5,3,130,45.7,44.3
TD-00586,batch-reporting-service,batch-reporting-service/src/main/java/com/platform/util/manager_17.java,Tier_3,Java,Reporting,legacy_hotspot,2532,119,205,29,37.91,0,32,27.24,3416,51,9,0.795,74.3,0.293,36.68,0.33,6,4,89,40.8,66.7
TD-00587,batch-reporting-service,batch-reporting-service/src/main/java/com/platform/util/manager_8.java,Tier_3,Java,Reporting,average,1064,16,18,10,8.6,0,10,32.94,201,15,3,0.479,16.6,0.202,48.13,0.04,1,0,73,20.9,6.6
TD-00588,payment-gateway,payment-gateway/internal/middleware/cache_adapter_4.go,Tier_1,Go,Fintech/Checkout,dormant_legacy,1170,53,75,13,13.35,1,6,62.43,21,0,0,0.133,34.5,0.181,30.29,0.105,0,0,67,13.2,8.4
TD-00589,user-profile-api,user-profile-api/services/core/legacy_sync_11.py,Tier_2,Python,User Management,healthy_active,965,12,12,0,1.06,0,14,3.02,186,47,5,0.303,8.9,0.041,88.29,0.059,0,0,43,2.0,2.1
TD-00590,search-indexer,search-indexer/src/main/scala/engine/router_7.scala,Tier_2,Scala,Search/Discovery,healthy_active,622,6,5,0,1.14,0,12,1.44,354,69,7,0.529,13.1,0.049,93.22,0.045,0,0,35,7.8,7.6
TD-00591,search-indexer,search-indexer/src/main/scala/pipeline/exporter_20.scala,Tier_2,Scala,Search/Discovery,legacy_hotspot,2363,104,156,44,12.21,0,12,26.82,1648,78,11,0.702,70.7,0.61,28.42,0.218,9,0,190,46.9,29.6
TD-00592,analytics-etl,analytics-etl/services/core/cache_adapter_5.py,Tier_3,Python,Data/BI,dormant_legacy,1081,35,45,15,12.21,1,6,63.66,72,0,1,0.072,25.3,0.153,22.29,0.099,1,0,47,14.5,10.0
TD-00593,internal-admin-portal,internal-admin-portal/src/components/forms/client_pool_11.tsx,Tier_3,TypeScript,Backoffice,dormant_legacy,1378,69,95,19,23.04,2,9,60.15,66,3,1,0.177,22.6,0.189,46.52,0.062,0,0,106,7.6,9.9
TD-00594,analytics-etl,analytics-etl/tasks/workers/router_11.py,Tier_3,Python,Data/BI,average,657,22,26,10,6.91,1,20,22.98,388,10,5,0.531,22.5,0.13,67.63,0.079,3,0,59,21.6,19.7
TD-00595,order-management,order-management/src/main/java/com/platform/util/parser_18.java,Tier_1,Java,Core Business,legacy_hotspot,3106,82,133,38,33.66,0,31,77.69,883,53,13,0.681,68.8,0.362,13.77,0.141,5,5,164,31.1,55.3
TD-00596,notification-dispatcher,notification-dispatcher/src/queues/session_handler_9.js,Tier_2,Node.js,Communications,average,1087,20,20,4,10.37,0,8,30.44,271,18,3,0.479,13.9,0.162,45.94,0.053,2,0,41,19.7,16.1
TD-00597,batch-reporting-service,batch-reporting-service/src/main/java/com/platform/util/aggregator_8.java,Tier_3,Java,Reporting,legacy_hotspot,1919,102,163,63,35.85,1,39,81.91,1141,35,12,0.978,74.8,0.264,32.12,0.2,6,3,215,56.5,25.9
TD-00598,inventory-worker,inventory-worker/tasks/workers/dispatcher_8.py,Tier_2,Python,Supply Chain,healthy_active,360,3,2,3,4.94,0,13,11.16,649,68,3,0.588,8.8,0.1,93.33,0.054,0,0,47,4.9,5.3
TD-00599,inventory-worker,inventory-worker/models/data/cache_adapter_7.py,Tier_2,Python,Supply Chain,legacy_hotspot,3867,78,97,23,32.56,0,36,27.35,1043,65,8,0.966,83.9,0.515,9.54,0.326,7,3,87,34.1,73.2
TD-00600,analytics-etl,analytics-etl/models/data/legacy_sync_12.py,Tier_3,Python,Data/BI,healthy_active,495,11,12,5,0.39,0,7,9.4,483,48,2,0.542,10.7,0.082,79.43,0.045,0,0,41,4.7,4.1
TD-00601,internal-admin-portal,internal-admin-portal/src/hooks/dispatcher_4.tsx,Tier_3,TypeScript,Backoffice,dormant_legacy,1003,60,68,25,20.65,0,13,32.21,72,1,1,0.298,20.2,0.052,25.38,0.057,2,0,108,12.1,2.9
TD-00602,batch-reporting-service,batch-reporting-service/src/main/java/com/platform/util/parser_13.java,Tier_3,Java,Reporting,healthy_active,320,17,18,2,3.39,0,3,6.74,331,29,3,0.468,9.1,0.095,93.66,0.037,0,0,37,6.1,2.3
TD-00603,notification-dispatcher,notification-dispatcher/src/controllers/dispatcher_2.js,Tier_2,Node.js,Communications,average,736,26,29,13,14.02,0,17,31.2,519,12,3,0.642,26.1,0.151,60.69,0.066,1,0,68,16.0,18.8
TD-00604,inventory-worker,inventory-worker/services/core/session_handler_15.py,Tier_2,Python,Supply Chain,legacy_hotspot,2737,85,125,38,37.91,0,33,60.4,1138,63,15,0.83,93.1,0.549,32.9,0.219,7,4,224,52.8,39.1
TD-00605,inventory-worker,inventory-worker/utils/helpers/aggregator_7.py,Tier_2,Python,Supply Chain,average,925,12,14,12,15.2,0,18,22.5,171,16,2,0.314,15.3,0.12,52.6,0.114,1,0,64,8.1,12.9
TD-00606,internal-admin-portal,internal-admin-portal/src/hooks/parser_18.tsx,Tier_3,TypeScript,Backoffice,healthy_active,328,12,12,2,0.6,0,10,7.91,874,40,5,0.329,8.6,0.076,93.34,0.037,0,0,49,3.0,2.5
TD-00607,inventory-worker,inventory-worker/handlers/api/validator_20.py,Tier_2,Python,Supply Chain,dormant_legacy,1597,49,56,14,15.3,0,10,67.64,5,3,0,0.128,18.4,0.07,40.51,0.043,0,0,109,5.5,11.6
TD-00608,batch-reporting-service,batch-reporting-service/src/main/java/com/platform/controller/aggregator_2.java,Tier_3,Java,Reporting,healthy_active,619,7,6,2,2.17,0,13,0.06,433,78,7,0.59,13.0,0.066,83.49,0.026,0,0,40,2.8,4.2
TD-00609,internal-admin-portal,internal-admin-portal/src/components/forms/query_builder_8.tsx,Tier_3,TypeScript,Backoffice,healthy_active,539,17,19,4,3.62,0,3,8.21,351,39,2,0.496,15.7,0.095,80.59,0.054,0,0,39,5.6,3.7
TD-00610,payment-gateway,payment-gateway/pkg/handler/router_11.go,Tier_1,Go,Fintech/Checkout,healthy_active,904,4,3,4,0.68,0,9,14.24,867,45,6,0.491,14.7,0.097,89.94,0.025,0,0,35,2.5,2.6
TD-00611,analytics-etl,analytics-etl/services/core/query_builder_5.py,Tier_3,Python,Data/BI,healthy_active,615,9,9,2,0.99,0,11,14.54,302,57,5,0.461,13.2,0.1,89.49,0.015,0,0,42,7.9,2.4
TD-00612,payment-gateway,payment-gateway/internal/middleware/parser_6.go,Tier_1,Go,Fintech/Checkout,dormant_legacy,1561,34,47,19,18.46,0,24,36.21,139,3,1,0.191,24.5,0.212,23.52,0.135,1,1,91,15.6,8.0
TD-00613,search-indexer,search-indexer/src/main/scala/pipeline/parser_16.scala,Tier_2,Scala,Search/Discovery,legacy_hotspot,4359,99,135,37,33.44,2,16,49.81,2212,150,9,0.782,54.2,0.251,24.86,0.128,8,1,123,25.5,65.3
TD-00614,analytics-etl,analytics-etl/handlers/api/exporter_10.py,Tier_3,Python,Data/BI,average,720,23,27,6,11.61,0,19,14.52,89,8,5,0.461,23.3,0.203,69.56,0.116,1,0,29,10.0,7.1
TD-00615,notification-dispatcher,notification-dispatcher/src/services/query_builder_2.js,Tier_2,Node.js,Communications,legacy_hotspot,2126,54,91,26,15.29,1,37,68.28,2040,65,4,0.722,82.3,0.326,28.53,0.213,5,1,91,40.3,31.1
TD-00616,auth-service,auth-service/internal/middleware/aggregator_18.go,Tier_1,Go,Security/IAM,healthy_active,269,5,5,0,1.46,0,5,13.25,1298,24,4,0.292,5.1,0.112,87.55,0.038,0,0,41,1.4,3.1
TD-00617,payment-gateway,payment-gateway/internal/service/router_6.go,Tier_1,Go,Fintech/Checkout,dormant_legacy,1609,48,53,24,22.55,0,21,54.69,15,0,0,0.08,15.0,0.078,32.94,0.062,0,1,94,6.3,5.2
TD-00618,payment-gateway,payment-gateway/pkg/client/exporter_16.go,Tier_1,Go,Fintech/Checkout,average,650,23,27,12,4.81,0,13,19.44,226,19,4,0.644,16.9,0.094,54.38,0.146,1,0,86,12.7,16.5
TD-00619,order-management,order-management/src/main/java/com/platform/repository/parser_2.java,Tier_1,Java,Core Business,average,837,27,32,12,5.06,0,7,10.2,267,6,4,0.468,34.4,0.114,53.22,0.15,0,0,35,17.5,13.1
TD-00620,payment-gateway,payment-gateway/pkg/storage/rule_engine_20.go,Tier_1,Go,Fintech/Checkout,legacy_hotspot,3166,87,153,33,31.48,3,27,48.6,1224,67,15,0.833,77.1,0.612,34.05,0.262,9,5,159,50.0,68.6
TD-00621,auth-service,auth-service/pkg/storage/dispatcher_15.go,Tier_1,Go,Security/IAM,average,384,17,19,13,4.16,0,10,13.85,493,7,5,0.524,26.8,0.157,47.65,0.128,3,1,51,14.4,17.0
TD-00622,internal-admin-portal,internal-admin-portal/src/state/parser_5.tsx,Tier_3,TypeScript,Backoffice,legacy_hotspot,2780,78,98,32,35.48,1,36,81.83,1989,81,8,0.908,76.1,0.323,7.95,0.355,6,0,141,38.7,29.1
TD-00623,internal-admin-portal,internal-admin-portal/src/state/dispatcher_7.tsx,Tier_3,TypeScript,Backoffice,legacy_hotspot,2048,67,95,80,32.3,5,25,74.08,1342,64,14,0.804,71.9,0.472,25.56,0.365,8,1,134,43.3,44.0
TD-00624,auth-service,auth-service/pkg/storage/manager_15.go,Tier_1,Go,Security/IAM,average,589,16,17,12,10.81,1,6,24.32,225,14,4,0.618,14.3,0.2,50.33,0.143,2,1,55,17.5,13.6
TD-00625,inventory-worker,inventory-worker/handlers/api/processor_11.py,Tier_2,Python,Supply Chain,dormant_legacy,2052,46,68,30,14.07,0,19,49.56,46,1,1,0.101,37.4,0.122,17.21,0.098,0,0,113,13.3,10.7
TD-00626,inventory-worker,inventory-worker/tasks/workers/query_builder_7.py,Tier_2,Python,Supply Chain,average,912,19,20,8,14.56,0,20,34.74,367,8,5,0.403,30.6,0.203,52.83,0.051,0,1,60,14.1,7.8
TD-00627,order-management,order-management/src/main/java/com/platform/util/state_machine_14.java,Tier_1,Java,Core Business,healthy_active,192,14,14,0,0.9,0,11,9.87,1345,31,5,0.364,4.3,0.087,93.21,0.035,0,0,31,5.9,3.1
TD-00628,internal-admin-portal,internal-admin-portal/src/hooks/validator_13.tsx,Tier_3,TypeScript,Backoffice,healthy_active,441,8,8,2,0.82,0,4,11.1,386,45,7,0.581,6.7,0.112,82.65,0.017,0,0,46,4.9,2.6
TD-00629,auth-service,auth-service/internal/service/manager_16.go,Tier_1,Go,Security/IAM,healthy_active,582,11,10,0,1.75,0,5,0.26,384,28,5,0.289,10.8,0.105,81.56,0.078,0,0,31,4.7,7.4
TD-00630,notification-dispatcher,notification-dispatcher/src/controllers/processor_9.js,Tier_2,Node.js,Communications,healthy_active,640,4,4,1,1.04,0,12,2.42,322,22,2,0.451,15.9,0.043,92.71,0.026,0,0,25,3.4,1.8
TD-00631,search-indexer,search-indexer/src/main/scala/engine/legacy_sync_9.scala,Tier_2,Scala,Search/Discovery,dormant_legacy,1800,40,51,18,13.61,0,19,30.3,2,1,1,0.301,12.2,0.06,36.35,0.101,2,0,117,15.5,11.2
TD-00632,notification-dispatcher,notification-dispatcher/src/services/rule_engine_19.js,Tier_2,Node.js,Communications,healthy_active,245,4,4,1,1.46,0,14,11.88,620,21,2,0.391,5.4,0.021,78.99,0.023,0,0,41,6.3,7.5
TD-00633,payment-gateway,payment-gateway/pkg/storage/query_builder_12.go,Tier_1,Go,Fintech/Checkout,legacy_hotspot,3255,78,97,26,45.9,1,31,48.58,1681,70,16,0.948,29.4,0.44,35.66,0.231,6,3,200,32.4,45.4
TD-00634,user-profile-api,user-profile-api/services/core/query_builder_4.py,Tier_2,Python,User Management,legacy_hotspot,3465,161,268,63,13.76,1,38,33.03,1124,100,6,0.91,72.6,0.436,36.79,0.366,7,2,199,43.6,28.7
TD-00635,analytics-etl,analytics-etl/models/data/manager_13.py,Tier_3,Python,Data/BI,average,615,13,14,13,6.95,0,17,11.24,482,8,3,0.327,18.3,0.213,48.32,0.077,0,0,50,14.3,8.2
TD-00636,internal-admin-portal,internal-admin-portal/src/hooks/cache_adapter_4.tsx,Tier_3,TypeScript,Backoffice,average,913,15,19,9,6.04,0,10,27.72,168,19,2,0.605,12.4,0.156,66.83,0.115,4,0,106,20.3,9.8
TD-00637,inventory-worker,inventory-worker/models/data/rule_engine_8.py,Tier_2,Python,Supply Chain,average,520,25,30,8,4.29,0,10,23.14,301,10,4,0.322,23.4,0.118,66.46,0.155,2,1,79,15.1,14.8
TD-00638,user-profile-api,user-profile-api/handlers/api/legacy_sync_5.py,Tier_2,Python,User Management,dormant_legacy,2631,46,60,22,28.27,1,8,26.93,66,1,0,0.052,34.7,0.215,39.8,0.037,2,0,65,16.6,10.7
TD-00639,analytics-etl,analytics-etl/tasks/workers/session_handler_14.py,Tier_3,Python,Data/BI,healthy_active,360,13,14,0,4.15,0,6,13.03,795,23,2,0.35,8.0,0.07,94.82,0.02,0,0,49,7.3,3.4
TD-00640,internal-admin-portal,internal-admin-portal/src/state/exporter_18.tsx,Tier_3,TypeScript,Backoffice,average,1414,23,26,12,10.39,0,10,17.59,237,6,4,0.488,33.6,0.193,54.67,0.101,1,0,30,19.9,7.9
TD-00641,user-profile-api,user-profile-api/handlers/api/query_builder_20.py,Tier_2,Python,User Management,average,777,19,25,9,11.68,0,12,19.14,349,8,2,0.553,23.9,0.14,57.31,0.101,1,1,50,20.4,9.2
TD-00642,auth-service,auth-service/internal/middleware/legacy_sync_17.go,Tier_1,Go,Security/IAM,healthy_active,730,11,11,0,3.61,0,14,9.44,1046,58,7,0.328,10.1,0.091,78.24,0.032,1,0,43,6.3,5.8
TD-00643,notification-dispatcher,notification-dispatcher/src/routes/parser_19.js,Tier_2,Node.js,Communications,average,499,19,19,7,12.28,0,17,32.88,303,11,3,0.327,31.1,0.209,46.78,0.088,3,0,49,14.5,8.3
TD-00644,auth-service,auth-service/pkg/handler/state_machine_18.go,Tier_1,Go,Security/IAM,average,1940,14,17,6,5.55,0,8,34.75,180,13,2,0.412,25.7,0.181,61.51,0.134,0,0,72,17.6,10.6
TD-00645,internal-admin-portal,internal-admin-portal/src/components/forms/rule_engine_18.tsx,Tier_3,TypeScript,Backoffice,legacy_hotspot,2934,69,117,42,38.42,2,32,45.98,1459,60,15,0.699,49.4,0.487,16.19,0.126,5,1,155,32.4,34.5
TD-00646,order-management,order-management/src/main/java/com/platform/controller/session_handler_17.java,Tier_1,Java,Core Business,average,686,24,28,12,12.63,0,18,17.54,568,8,3,0.331,27.4,0.102,57.43,0.115,3,0,74,8.6,16.1
TD-00647,analytics-etl,analytics-etl/services/core/query_builder_7.py,Tier_3,Python,Data/BI,healthy_active,342,17,18,2,0.66,0,3,8.3,478,29,3,0.224,17.4,0.035,91.42,0.055,0,0,36,3.4,5.6
TD-00648,batch-reporting-service,batch-reporting-service/src/main/java/com/platform/util/validator_17.java,Tier_3,Java,Reporting,healthy_active,217,3,2,1,1.07,0,14,11.46,529,67,6,0.295,13.7,0.098,82.3,0.028,0,0,42,4.8,2.2
TD-00649,analytics-etl,analytics-etl/services/core/legacy_sync_5.py,Tier_3,Python,Data/BI,healthy_active,374,10,10,0,4.8,0,9,3.12,871,19,2,0.507,11.1,0.105,91.52,0.065,1,0,40,6.2,7.5
TD-00650,internal-admin-portal,internal-admin-portal/src/state/legacy_sync_19.tsx,Tier_3,TypeScript,Backoffice,healthy_active,523,15,15,4,2.48,0,3,1.58,311,26,2,0.484,12.9,0.115,81.73,0.079,1,0,22,5.3,5.5
TD-00651,payment-gateway,payment-gateway/internal/middleware/legacy_sync_10.go,Tier_1,Go,Fintech/Checkout,average,1035,24,26,10,12.79,0,10,23.41,179,5,4,0.424,31.8,0.081,68.94,0.109,2,0,74,20.4,17.8
TD-00652,payment-gateway,payment-gateway/pkg/client/dispatcher_1.go,Tier_1,Go,Fintech/Checkout,average,471,15,17,4,14.91,0,11,14.27,372,17,5,0.61,17.9,0.207,72.28,0.092,0,0,55,12.7,17.1
TD-00653,user-profile-api,user-profile-api/tasks/workers/validator_2.py,Tier_2,Python,User Management,legacy_hotspot,1787,82,111,33,18.6,2,25,68.06,1130,47,16,0.661,29.9,0.49,31.09,0.33,8,2,184,58.9,40.7
TD-00654,search-indexer,search-indexer/src/main/scala/index/cache_adapter_3.scala,Tier_2,Scala,Search/Discovery,average,887,15,20,12,10.79,0,19,21.72,376,11,4,0.648,27.8,0.191,45.83,0.137,0,0,76,22.0,15.3
TD-00655,internal-admin-portal,internal-admin-portal/src/pages/admin/parser_3.tsx,Tier_3,TypeScript,Backoffice,dormant_legacy,1105,52,77,12,25.86,1,21,40.24,25,1,0,0.235,18.6,0.15,43.02,0.084,1,1,55,10.2,9.4
TD-00656,analytics-etl,analytics-etl/services/core/dispatcher_14.py,Tier_3,Python,Data/BI,healthy_active,860,5,4,1,2.88,0,5,10.09,675,37,5,0.278,15.8,0.102,95.75,0.03,0,0,20,7.2,2.6
TD-00657,order-management,order-management/src/main/java/com/platform/controller/exporter_14.java,Tier_1,Java,Core Business,average,981,17,22,13,14.58,1,8,12.22,376,18,3,0.635,17.9,0.207,66.77,0.129,3,0,65,13.6,18.4
TD-00658,notification-dispatcher,notification-dispatcher/src/lib/legacy_sync_13.js,Tier_2,Node.js,Communications,healthy_active,538,14,15,0,2.94,0,11,9.84,455,56,4,0.275,14.1,0.087,91.47,0.023,0,0,28,6.3,6.2
TD-00659,search-indexer,search-indexer/src/main/scala/engine/query_builder_18.scala,Tier_2,Scala,Search/Discovery,legacy_hotspot,1975,56,88,73,18.16,3,21,59.2,784,42,17,0.85,61.6,0.615,16.82,0.182,8,4,201,51.0,64.3
TD-00660,order-management,order-management/src/main/java/com/platform/repository/validator_6.java,Tier_1,Java,Core Business,healthy_active,221,16,16,1,4.02,0,10,5.76,680,44,3,0.257,13.7,0.054,82.69,0.077,1,0,45,6.1,5.2
TD-00661,internal-admin-portal,internal-admin-portal/src/state/client_pool_5.tsx,Tier_3,TypeScript,Backoffice,dormant_legacy,1353,65,85,44,20.14,2,15,54.19,29,0,0,0.253,29.3,0.068,18.96,0.034,1,0,111,14.2,8.8
TD-00662,user-profile-api,user-profile-api/services/core/exporter_1.py,Tier_2,Python,User Management,healthy_active,828,13,14,0,2.23,0,8,12.78,499,65,6,0.587,10.5,0.102,90.59,0.078,1,0,27,5.7,4.7
TD-00663,inventory-worker,inventory-worker/utils/helpers/query_builder_18.py,Tier_2,Python,Supply Chain,average,775,13,15,4,10.0,1,16,11.72,507,8,4,0.624,29.9,0.123,61.86,0.149,2,0,82,8.8,19.3
TD-00664,search-indexer,search-indexer/src/main/scala/pipeline/router_8.scala,Tier_2,Scala,Search/Discovery,healthy_active,581,15,16,5,2.95,0,3,4.73,773,29,2,0.438,15.0,0.095,88.29,0.032,1,0,41,6.6,4.3
TD-00665,user-profile-api,user-profile-api/utils/helpers/session_handler_5.py,Tier_2,Python,User Management,legacy_hotspot,3143,94,165,46,39.98,2,30,30.33,1428,51,6,0.924,57.1,0.419,12.61,0.349,6,2,125,42.2,29.7
TD-00666,inventory-worker,inventory-worker/handlers/api/parser_4.py,Tier_2,Python,Supply Chain,legacy_hotspot,2363,73,117,23,37.4,3,24,28.99,660,70,8,0.829,89.6,0.266,17.52,0.385,14,1,218,30.6,78.7
TD-00667,payment-gateway,payment-gateway/pkg/client/rule_engine_1.go,Tier_1,Go,Fintech/Checkout,healthy_active,676,8,8,1,1.18,0,10,0.35,243,19,7,0.236,16.4,0.111,79.89,0.079,0,0,46,0.7,1.0
TD-00668,user-profile-api,user-profile-api/handlers/api/validator_4.py,Tier_2,Python,User Management,average,523,13,14,9,15.29,0,15,11.6,256,18,5,0.534,22.4,0.187,69.64,0.121,2,0,91,9.6,19.3
TD-00669,batch-reporting-service,batch-reporting-service/src/main/java/com/platform/service/legacy_sync_20.java,Tier_3,Java,Reporting,healthy_active,402,3,3,5,3.45,0,5,7.37,983,34,3,0.227,13.6,0.025,82.51,0.035,0,0,30,4.9,3.9
TD-00670,payment-gateway,payment-gateway/internal/service/cache_adapter_2.go,Tier_1,Go,Fintech/Checkout,healthy_active,328,8,9,2,0.17,0,4,13.69,821,57,5,0.458,6.2,0.044,86.32,0.023,0,0,35,3.9,4.6
TD-00671,search-indexer,search-indexer/src/main/scala/index/aggregator_18.scala,Tier_2,Scala,Search/Discovery,average,545,19,20,8,6.3,0,20,20.17,223,7,2,0.385,18.2,0.208,60.0,0.12,0,0,72,12.9,10.5
TD-00672,user-profile-api,user-profile-api/services/core/manager_17.py,Tier_2,Python,User Management,dormant_legacy,874,50,55,14,27.45,1,10,31.37,18,3,0,0.072,13.8,0.066,41.6,0.078,1,0,46,6.9,9.6
TD-00673,inventory-worker,inventory-worker/handlers/api/state_machine_19.py,Tier_2,Python,Supply Chain,legacy_hotspot,4217,61,106,43,45.64,1,37,25.9,3910,121,14,0.799,79.0,0.508,20.08,0.134,8,6,120,49.7,78.9
TD-00674,notification-dispatcher,notification-dispatcher/src/queues/rule_engine_11.js,Tier_2,Node.js,Communications,healthy_active,338,14,15,4,2.24,0,8,14.54,877,21,3,0.473,5.3,0.111,86.77,0.038,1,0,36,5.8,5.6
TD-00675,user-profile-api,user-profile-api/models/data/parser_5.py,Tier_2,Python,User Management,healthy_active,354,16,18,0,0.18,0,5,13.46,417,28,5,0.582,8.6,0.061,91.88,0.04,1,0,36,3.4,2.6
TD-00676,internal-admin-portal,internal-admin-portal/src/components/forms/router_10.tsx,Tier_3,TypeScript,Backoffice,average,677,26,29,5,12.92,0,18,23.92,578,7,5,0.311,17.9,0.217,69.86,0.112,3,0,43,16.8,10.3
TD-00677,inventory-worker,inventory-worker/services/core/client_pool_19.py,Tier_2,Python,Supply Chain,dormant_legacy,1965,80,94,33,30.15,0,19,46.34,25,1,1,0.064,29.2,0.06,18.57,0.108,0,0,68,6.7,4.5
TD-00678,order-management,order-management/src/main/java/com/platform/util/client_pool_16.java,Tier_1,Java,Core Business,healthy_active,705,8,7,4,2.61,0,14,6.67,926,60,7,0.599,16.9,0.098,92.62,0.05,0,0,34,5.4,6.0
TD-00679,payment-gateway,payment-gateway/pkg/storage/query_builder_13.go,Tier_1,Go,Fintech/Checkout,healthy_active,604,17,16,4,2.71,0,6,8.49,561,42,5,0.505,17.3,0.119,85.6,0.077,0,0,42,2.0,4.6
TD-00680,internal-admin-portal,internal-admin-portal/src/hooks/cache_adapter_14.tsx,Tier_3,TypeScript,Backoffice,average,1383,22,22,13,14.2,0,9,14.11,97,8,5,0.361,29.6,0.131,50.59,0.08,2,0,74,8.2,13.5
TD-00681,search-indexer,search-indexer/src/main/scala/engine/dispatcher_13.scala,Tier_2,Scala,Search/Discovery,average,1352,12,12,9,9.18,1,18,10.95,331,18,2,0.441,35.9,0.104,49.36,0.15,1,1,93,14.9,19.9
TD-00682,order-management,order-management/src/main/java/com/platform/util/aggregator_8.java,Tier_1,Java,Core Business,dormant_legacy,997,25,27,10,23.26,1,19,51.75,47,0,0,0.349,34.5,0.216,48.3,0.04,0,0,79,9.3,10.4
TD-00683,inventory-worker,inventory-worker/handlers/api/exporter_15.py,Tier_2,Python,Supply Chain,dormant_legacy,1943,27,39,32,27.8,0,18,39.08,33,3,0,0.009,18.3,0.239,15.48,0.091,0,0,94,6.1,10.6
TD-00684,payment-gateway,payment-gateway/internal/middleware/router_14.go,Tier_1,Go,Fintech/Checkout,average,899,19,20,4,11.21,0,13,30.03,169,6,5,0.504,28.3,0.22,45.92,0.051,0,0,81,19.5,17.8
TD-00685,internal-admin-portal,internal-admin-portal/src/components/forms/router_8.tsx,Tier_3,TypeScript,Backoffice,legacy_hotspot,2926,99,138,62,46.49,0,22,73.8,1087,55,6,0.884,64.4,0.561,23.76,0.2,4,5,100,56.3,68.3
TD-00686,inventory-worker,inventory-worker/handlers/api/session_handler_3.py,Tier_2,Python,Supply Chain,healthy_active,708,13,13,4,2.5,0,7,10.69,822,31,3,0.547,7.7,0.037,78.32,0.017,0,0,30,0.6,7.3
TD-00687,analytics-etl,analytics-etl/models/data/validator_18.py,Tier_3,Python,Data/BI,legacy_hotspot,3211,101,171,55,28.78,1,18,30.15,1050,34,10,0.938,39.6,0.338,15.88,0.38,6,4,148,37.3,62.5
TD-00688,user-profile-api,user-profile-api/services/core/dispatcher_13.py,Tier_2,Python,User Management,average,590,18,22,7,14.24,0,10,19.98,509,13,2,0.334,35.4,0.099,55.23,0.078,0,0,62,9.7,15.0
TD-00689,batch-reporting-service,batch-reporting-service/src/main/java/com/platform/service/state_machine_3.java,Tier_3,Java,Reporting,dormant_legacy,1439,32,47,18,13.82,1,18,27.74,65,2,1,0.228,22.4,0.116,47.61,0.133,0,0,59,6.6,5.1
TD-00690,user-profile-api,user-profile-api/tasks/workers/cache_adapter_18.py,Tier_2,Python,User Management,dormant_legacy,2229,92,116,14,22.82,0,15,66.26,52,2,1,0.075,21.6,0.225,16.75,0.087,0,0,62,17.0,7.7
TD-00691,user-profile-api,user-profile-api/utils/helpers/aggregator_11.py,Tier_2,Python,User Management,dormant_legacy,914,103,137,36,24.66,0,15,67.59,30,0,1,0.312,35.3,0.146,24.14,0.038,0,0,109,8.8,8.8
TD-00692,inventory-worker,inventory-worker/services/core/aggregator_7.py,Tier_2,Python,Supply Chain,dormant_legacy,1254,47,52,22,15.99,0,20,65.18,26,1,0,0.263,16.4,0.083,17.48,0.062,0,1,139,14.0,4.0
TD-00693,auth-service,auth-service/pkg/client/parser_8.go,Tier_1,Go,Security/IAM,healthy_active,743,6,5,2,0.26,0,7,0.31,502,31,5,0.368,7.1,0.036,86.23,0.066,0,0,40,4.1,5.2
TD-00694,batch-reporting-service,batch-reporting-service/src/main/java/com/platform/controller/router_8.java,Tier_3,Java,Reporting,healthy_active,469,8,7,2,2.28,0,14,6.1,292,48,3,0.322,5.4,0.108,84.69,0.05,1,0,31,5.6,4.0
TD-00695,internal-admin-portal,internal-admin-portal/src/hooks/exporter_10.tsx,Tier_3,TypeScript,Backoffice,average,467,14,18,11,9.65,1,19,19.33,534,8,3,0.52,23.4,0.097,50.11,0.142,3,0,105,15.5,6.3
TD-00696,search-indexer,search-indexer/src/main/scala/index/client_pool_12.scala,Tier_2,Scala,Search/Discovery,average,1093,27,36,9,9.47,0,20,25.71,262,12,4,0.393,15.1,0.161,54.19,0.12,1,0,69,16.4,17.6
TD-00697,inventory-worker,inventory-worker/models/data/session_handler_17.py,Tier_2,Python,Supply Chain,dormant_legacy,2320,31,42,9,24.47,0,20,41.83,63,3,1,0.269,30.6,0.15,31.37,0.085,0,0,58,11.5,7.3
TD-00698,analytics-etl,analytics-etl/utils/helpers/validator_16.py,Tier_3,Python,Data/BI,healthy_active,820,14,14,3,0.56,0,12,10.64,603,46,7,0.432,17.8,0.062,81.82,0.047,0,0,46,7.8,7.3
TD-00699,notification-dispatcher,notification-dispatcher/src/controllers/session_handler_11.js,Tier_2,Node.js,Communications,dormant_legacy,915,29,36,27,20.44,0,14,50.38,107,1,0,0.071,31.3,0.087,34.5,0.104,1,0,80,11.8,8.0
TD-00700,search-indexer,search-indexer/src/main/scala/engine/rule_engine_8.scala,Tier_2,Scala,Search/Discovery,healthy_active,777,7,8,0,3.74,0,3,8.96,263,52,2,0.212,17.8,0.027,90.53,0.041,0,0,47,5.4,1.9
TD-00701,order-management,order-management/src/main/java/com/platform/service/dispatcher_18.java,Tier_1,Java,Core Business,healthy_active,687,10,11,0,3.4,0,8,10.09,369,26,7,0.542,14.1,0.1,94.97,0.026,0,0,27,5.0,6.6
TD-00702,batch-reporting-service,batch-reporting-service/src/main/java/com/platform/util/dispatcher_5.java,Tier_3,Java,Reporting,healthy_active,377,13,12,5,4.74,0,8,11.39,814,35,6,0.537,17.4,0.092,91.21,0.075,0,0,31,8.0,6.4
TD-00703,user-profile-api,user-profile-api/models/data/aggregator_13.py,Tier_2,Python,User Management,healthy_active,952,17,17,4,1.78,0,8,2.69,543,84,4,0.265,11.0,0.112,82.45,0.068,0,0,39,0.4,5.6
TD-00704,batch-reporting-service,batch-reporting-service/src/main/java/com/platform/controller/legacy_sync_18.java,Tier_3,Java,Reporting,average,763,16,18,9,10.16,0,12,11.56,222,14,3,0.412,29.0,0.202,68.54,0.104,0,0,56,19.8,10.7
TD-00705,notification-dispatcher,notification-dispatcher/src/services/exporter_16.js,Tier_2,Node.js,Communications,average,746,21,21,5,4.76,0,9,32.14,379,9,3,0.62,16.2,0.205,48.59,0.073,3,0,36,21.9,10.7
TD-00706,analytics-etl,analytics-etl/utils/helpers/manager_12.py,Tier_3,Python,Data/BI,legacy_hotspot,4286,62,79,96,33.52,2,26,71.37,1087,66,13,0.677,30.9,0.362,37.01,0.275,6,2,40,39.8,76.1
TD-00707,order-management,order-management/src/main/java/com/platform/controller/cache_adapter_18.java,Tier_1,Java,Core Business,healthy_active,413,4,4,0,3.64,0,6,11.85,1174,49,6,0.203,6.2,0.118,87.42,0.013,2,0,32,4.1,6.4
TD-00708,analytics-etl,analytics-etl/handlers/api/parser_18.py,Tier_3,Python,Data/BI,healthy_active,357,16,14,4,1.71,0,11,13.44,830,43,2,0.469,11.4,0.059,80.68,0.012,0,0,38,0.9,6.5
TD-00709,payment-gateway,payment-gateway/internal/middleware/processor_3.go,Tier_1,Go,Fintech/Checkout,legacy_hotspot,2212,52,63,56,39.07,2,23,55.38,1112,88,14,0.95,31.0,0.556,23.46,0.239,8,6,110,45.8,48.1
TD-00710,payment-gateway,payment-gateway/pkg/handler/router_5.go,Tier_1,Go,Fintech/Checkout,healthy_active,813,9,8,3,3.93,0,13,4.29,789,36,6,0.227,11.0,0.07,90.72,0.062,0,0,15,3.3,5.4
TD-00711,user-profile-api,user-profile-api/services/core/cache_adapter_5.py,Tier_2,Python,User Management,average,1617,13,17,10,7.7,0,11,26.96,298,18,3,0.645,19.2,0.097,66.94,0.157,0,0,78,8.9,16.9
TD-00712,payment-gateway,payment-gateway/internal/service/client_pool_15.go,Tier_1,Go,Fintech/Checkout,average,1078,16,19,8,10.71,0,6,17.12,113,14,2,0.409,13.5,0.09,52.55,0.061,1,1,91,10.4,12.9
TD-00713,notification-dispatcher,notification-dispatcher/src/routes/rule_engine_20.js,Tier_2,Node.js,Communications,average,1394,12,16,12,6.92,0,8,25.83,151,9,4,0.387,19.2,0.166,73.37,0.121,1,0,57,14.4,17.3
TD-00714,analytics-etl,analytics-etl/utils/helpers/processor_1.py,Tier_3,Python,Data/BI,legacy_hotspot,2540,75,129,30,23.37,0,11,51.18,1842,60,6,0.714,43.2,0.533,5.38,0.134,8,2,147,30.1,72.7
TD-00715,internal-admin-portal,internal-admin-portal/src/state/processor_1.tsx,Tier_3,TypeScript,Backoffice,average,1212,22,22,5,6.89,0,17,29.46,637,6,4,0.504,26.8,0.097,45.07,0.15,0,1,103,10.6,17.5
TD-00716,internal-admin-portal,internal-admin-portal/src/hooks/client_pool_10.tsx,Tier_3,TypeScript,Backoffice,dormant_legacy,1750,43,52,30,30.26,0,14,66.89,41,3,0,0.085,26.7,0.097,43.28,0.07,1,0,69,13.0,2.7
TD-00717,payment-gateway,payment-gateway/internal/middleware/state_machine_14.go,Tier_1,Go,Fintech/Checkout,healthy_active,908,11,12,5,4.39,0,13,8.95,588,20,6,0.599,15.0,0.047,82.76,0.034,1,0,30,1.8,7.3
TD-00718,order-management,order-management/src/main/java/com/platform/service/parser_4.java,Tier_1,Java,Core Business,average,1069,20,20,7,14.02,0,12,25.15,111,10,4,0.453,19.3,0.118,45.71,0.102,4,1,57,14.3,18.8
TD-00719,internal-admin-portal,internal-admin-portal/src/components/forms/aggregator_7.tsx,Tier_3,TypeScript,Backoffice,dormant_legacy,2088,70,84,21,22.79,0,20,39.11,27,3,1,0.266,28.7,0.172,22.65,0.105,1,0,101,9.5,9.6
TD-00720,batch-reporting-service,batch-reporting-service/src/main/java/com/platform/repository/state_machine_12.java,Tier_3,Java,Reporting,average,685,17,17,11,4.9,0,20,12.82,257,8,2,0.395,26.4,0.21,70.7,0.095,2,1,83,12.3,10.5
TD-00721,inventory-worker,inventory-worker/utils/helpers/validator_12.py,Tier_2,Python,Supply Chain,legacy_hotspot,2669,76,116,83,42.83,1,15,58.96,893,44,13,0.709,72.2,0.589,14.63,0.282,5,2,192,42.0,66.8
TD-00722,search-indexer,search-indexer/src/main/scala/index/rule_engine_8.scala,Tier_2,Scala,Search/Discovery,average,652,25,30,13,9.0,0,17,16.12,356,10,5,0.577,15.3,0.131,58.92,0.091,1,1,81,15.7,11.8
TD-00723,user-profile-api,user-profile-api/models/data/query_builder_3.py,Tier_2,Python,User Management,average,1284,24,28,9,8.64,0,9,17.41,234,6,4,0.319,16.6,0.117,53.47,0.12,0,0,86,20.0,19.6
TD-00724,payment-gateway,payment-gateway/pkg/handler/router_13.go,Tier_1,Go,Fintech/Checkout,healthy_active,984,14,13,1,2.21,0,11,4.43,1150,67,3,0.393,5.9,0.058,80.09,0.024,0,0,43,3.5,6.6
TD-00725,search-indexer,search-indexer/src/main/scala/pipeline/legacy_sync_2.scala,Tier_2,Scala,Search/Discovery,dormant_legacy,2286,83,102,23,26.84,0,20,62.7,52,3,0,0.158,37.2,0.189,48.28,0.034,0,1,109,6.0,5.9
TD-00726,payment-gateway,payment-gateway/internal/service/validator_16.go,Tier_1,Go,Fintech/Checkout,legacy_hotspot,2966,46,75,41,17.83,2,28,54.81,1866,49,17,0.691,94.4,0.644,35.85,0.259,6,2,192,27.2,78.1
TD-00727,search-indexer,search-indexer/src/main/scala/pipeline/exporter_11.scala,Tier_2,Scala,Search/Discovery,healthy_active,712,13,14,5,2.81,0,12,9.92,800,30,5,0.473,5.4,0.033,80.51,0.013,0,0,26,6.4,5.3
TD-00728,batch-reporting-service,batch-reporting-service/src/main/java/com/platform/service/parser_17.java,Tier_3,Java,Reporting,dormant_legacy,1820,38,50,32,22.63,1,13,42.99,15,2,1,0.055,33.4,0.064,31.92,0.116,0,0,139,7.2,10.0
TD-00729,payment-gateway,payment-gateway/internal/service/aggregator_19.go,Tier_1,Go,Fintech/Checkout,healthy_active,444,16,18,0,3.16,0,12,10.34,1202,30,7,0.458,9.1,0.07,94.29,0.054,0,0,31,7.8,4.1
TD-00730,analytics-etl,analytics-etl/models/data/processor_3.py,Tier_3,Python,Data/BI,healthy_active,584,12,14,0,4.65,0,9,13.72,905,33,2,0.44,5.9,0.059,95.48,0.035,1,0,37,2.7,3.5
TD-00731,inventory-worker,inventory-worker/tasks/workers/rule_engine_2.py,Tier_2,Python,Supply Chain,dormant_legacy,1235,73,91,52,25.29,1,18,28.61,61,0,1,0.043,15.9,0.087,33.5,0.147,1,0,114,6.0,10.2
TD-00732,order-management,order-management/src/main/java/com/platform/repository/processor_7.java,Tier_1,Java,Core Business,healthy_active,645,3,2,1,1.22,0,11,8.59,482,64,3,0.418,8.7,0.115,93.21,0.079,0,0,37,3.0,3.0
TD-00733,batch-reporting-service,batch-reporting-service/src/main/java/com/platform/controller/exporter_13.java,Tier_3,Java,Reporting,healthy_active,596,16,15,4,3.87,0,5,0.51,1335,22,3,0.239,14.4,0.031,85.29,0.066,0,0,30,7.7,2.5
TD-00734,auth-service,auth-service/pkg/storage/manager_19.go,Tier_1,Go,Security/IAM,average,610,23,30,10,10.06,0,21,10.32,392,10,2,0.483,19.0,0.125,45.45,0.128,4,0,87,10.5,10.9
TD-00735,user-profile-api,user-profile-api/tasks/workers/state_machine_13.py,Tier_2,Python,User Management,dormant_legacy,1813,44,55,26,23.58,0,18,40.22,78,0,1,0.185,12.2,0.074,35.55,0.059,1,0,132,5.3,7.1
TD-00736,internal-admin-portal,internal-admin-portal/src/hooks/router_5.tsx,Tier_3,TypeScript,Backoffice,legacy_hotspot,2446,99,129,44,44.85,2,14,56.51,2662,40,4,0.765,81.7,0.29,10.97,0.12,6,3,167,29.0,38.7
TD-00737,auth-service,auth-service/internal/middleware/cache_adapter_12.go,Tier_1,Go,Security/IAM,average,1398,19,26,4,4.43,0,8,27.53,190,9,2,0.566,26.0,0.085,71.32,0.076,4,0,43,11.1,9.6
TD-00738,payment-gateway,payment-gateway/pkg/handler/router_8.go,Tier_1,Go,Fintech/Checkout,average,870,19,26,11,14.59,0,7,29.01,272,8,2,0.466,33.3,0.114,68.65,0.121,0,0,78,14.0,7.8
TD-00739,auth-service,auth-service/pkg/storage/rule_engine_20.go,Tier_1,Go,Security/IAM,dormant_legacy,1605,31,44,19,16.84,2,8,29.82,27,1,1,0.062,37.7,0.099,23.54,0.126,0,0,117,11.5,10.3
TD-00740,batch-reporting-service,batch-reporting-service/src/main/java/com/platform/util/exporter_11.java,Tier_3,Java,Reporting,average,537,20,24,11,9.2,0,19,21.45,134,5,5,0.487,20.0,0.141,73.73,0.086,0,0,70,17.1,6.2
TD-00741,payment-gateway,payment-gateway/pkg/storage/exporter_15.go,Tier_1,Go,Fintech/Checkout,dormant_legacy,838,53,76,69,11.79,0,9,67.98,37,1,0,0.136,28.6,0.153,49.78,0.084,2,0,90,13.6,4.6
TD-00742,analytics-etl,analytics-etl/handlers/api/session_handler_18.py,Tier_3,Python,Data/BI,legacy_hotspot,3040,112,195,42,40.04,0,33,77.61,973,126,16,0.744,45.6,0.618,31.39,0.16,8,1,107,53.8,42.3
TD-00743,search-indexer,search-indexer/src/main/scala/index/manager_19.scala,Tier_2,Scala,Search/Discovery,healthy_active,494,12,14,2,2.76,0,7,2.45,1195,57,2,0.53,5.0,0.04,83.4,0.054,0,0,37,1.0,7.6
TD-00744,search-indexer,search-indexer/src/main/scala/engine/exporter_20.scala,Tier_2,Scala,Search/Discovery,dormant_legacy,1032,44,52,45,15.42,1,9,59.86,18,0,0,0.347,25.5,0.178,45.67,0.02,1,0,125,6.9,10.6
TD-00745,inventory-worker,inventory-worker/handlers/api/cache_adapter_3.py,Tier_2,Python,Supply Chain,average,585,22,26,14,6.75,0,6,21.76,150,17,3,0.523,20.4,0.124,63.35,0.056,0,0,40,9.0,9.4
TD-00746,auth-service,auth-service/pkg/storage/manager_13.go,Tier_1,Go,Security/IAM,average,893,22,27,12,7.96,0,13,10.56,275,6,3,0.351,12.8,0.096,68.25,0.131,1,0,86,13.7,13.2
TD-00747,order-management,order-management/src/main/java/com/platform/util/session_handler_12.java,Tier_1,Java,Core Business,average,1203,23,27,13,10.42,1,14,15.34,111,9,5,0.348,12.9,0.192,66.48,0.077,0,0,76,11.9,11.6
TD-00748,auth-service,auth-service/pkg/handler/processor_10.go,Tier_1,Go,Security/IAM,average,672,14,17,7,9.76,1,7,25.38,287,7,2,0.438,30.6,0.216,53.13,0.124,3,0,48,15.9,15.8
TD-00749,analytics-etl,analytics-etl/models/data/exporter_9.py,Tier_3,Python,Data/BI,dormant_legacy,1625,61,90,20,10.97,0,20,35.08,33,3,0,0.248,26.5,0.218,23.9,0.138,1,1,123,16.2,9.7
TD-00750,auth-service,auth-service/internal/service/validator_6.go,Tier_1,Go,Security/IAM,legacy_hotspot,4238,68,91,48,26.74,1,28,30.43,1928,93,10,0.823,45.9,0.4,35.74,0.219,7,3,196,30.0,34.1
TD-00751,search-indexer,search-indexer/src/main/scala/index/client_pool_18.scala,Tier_2,Scala,Search/Discovery,dormant_legacy,1383,51,72,71,12.15,1,18,39.52,2,2,0,0.175,38.6,0.238,21.33,0.044,0,0,41,6.2,5.6
TD-00752,internal-admin-portal,internal-admin-portal/src/state/validator_1.tsx,Tier_3,TypeScript,Backoffice,healthy_active,692,7,7,2,0.44,0,13,8.73,528,63,4,0.436,13.1,0.023,87.88,0.052,0,0,45,1.7,2.9
TD-00753,auth-service,auth-service/pkg/storage/client_pool_3.go,Tier_1,Go,Security/IAM,dormant_legacy,2372,41,49,51,15.45,0,17,60.34,14,3,0,0.144,26.1,0.213,43.67,0.124,0,0,53,6.6,3.2
TD-00754,batch-reporting-service,batch-reporting-service/src/main/java/com/platform/repository/state_machine_13.java,Tier_3,Java,Reporting,healthy_active,556,10,11,5,0.84,0,11,7.49,549,47,5,0.463,15.4,0.059,78.59,0.06,1,0,29,7.3,1.1
TD-00755,payment-gateway,payment-gateway/pkg/storage/router_13.go,Tier_1,Go,Fintech/Checkout,legacy_hotspot,1942,59,82,36,36.77,0,25,75.31,647,81,4,0.849,66.4,0.31,9.98,0.199,4,3,114,56.1,61.9
TD-00756,auth-service,auth-service/internal/middleware/parser_8.go,Tier_1,Go,Security/IAM,dormant_legacy,847,114,132,18,10.63,1,24,48.26,66,0,0,0.076,32.8,0.059,44.1,0.129,1,0,97,14.5,2.9
TD-00757,batch-reporting-service,batch-reporting-service/src/main/java/com/platform/controller/query_builder_13.java,Tier_3,Java,Reporting,dormant_legacy,1524,54,66,39,16.67,0,8,30.53,62,0,0,0.078,23.9,0.064,22.44,0.039,1,1,122,16.3,8.0
TD-00758,order-management,order-management/src/main/java/com/platform/controller/dispatcher_10.java,Tier_1,Java,Core Business,healthy_active,381,12,12,0,2.88,0,7,7.78,1244,52,7,0.351,16.3,0.093,79.88,0.068,0,0,32,0.3,1.9
TD-00759,inventory-worker,inventory-worker/utils/helpers/manager_3.py,Tier_2,Python,Supply Chain,healthy_active,887,4,4,4,1.3,0,6,2.63,471,50,5,0.226,13.1,0.116,87.93,0.045,0,0,31,1.6,1.6
TD-00760,order-management,order-management/src/main/java/com/platform/util/dispatcher_14.java,Tier_1,Java,Core Business,average,889,20,27,15,12.26,0,7,33.8,360,8,5,0.392,34.2,0.105,72.15,0.078,0,1,80,17.7,15.3
TD-00761,inventory-worker,inventory-worker/utils/helpers/exporter_3.py,Tier_2,Python,Supply Chain,legacy_hotspot,2361,96,142,39,43.07,0,26,33.83,1169,67,13,0.931,31.3,0.57,17.41,0.165,6,0,143,41.3,70.0
TD-00762,notification-dispatcher,notification-dispatcher/src/services/aggregator_16.js,Tier_2,Node.js,Communications,legacy_hotspot,4662,99,151,65,32.18,1,30,71.21,1502,59,4,0.897,39.9,0.42,7.91,0.159,7,0,139,59.3,58.5
TD-00763,batch-reporting-service,batch-reporting-service/src/main/java/com/platform/controller/legacy_sync_4.java,Tier_3,Java,Reporting,healthy_active,346,16,15,1,4.26,0,13,0.26,625,62,5,0.446,5.4,0.11,88.4,0.056,0,0,53,7.0,4.8
TD-00764,order-management,order-management/src/main/java/com/platform/repository/processor_13.java,Tier_1,Java,Core Business,healthy_active,170,7,6,1,4.62,0,4,12.22,363,22,3,0.484,8.1,0.041,78.22,0.073,1,0,22,6.1,5.7
TD-00765,notification-dispatcher,notification-dispatcher/src/queues/router_11.js,Tier_2,Node.js,Communications,legacy_hotspot,3134,117,197,25,34.31,2,18,25.52,2518,57,13,0.952,38.8,0.635,14.86,0.23,7,4,181,36.2,68.3
TD-00766,analytics-etl,analytics-etl/models/data/router_20.py,Tier_3,Python,Data/BI,healthy_active,422,4,4,3,3.38,0,11,8.03,349,54,2,0.556,5.1,0.067,91.96,0.014,0,0,40,0.1,2.3
TD-00767,order-management,order-management/src/main/java/com/platform/repository/session_handler_20.java,Tier_1,Java,Core Business,dormant_legacy,1466,58,80,16,31.31,0,7,57.76,8,1,1,0.128,15.0,0.17,16.78,0.132,1,0,141,10.2,2.3
TD-00768,user-profile-api,user-profile-api/utils/helpers/session_handler_6.py,Tier_2,Python,User Management,healthy_active,678,6,6,4,0.88,0,7,9.08,376,60,5,0.218,15.7,0.119,86.5,0.078,0,0,28,3.7,3.3
TD-00769,search-indexer,search-indexer/src/main/scala/index/dispatcher_16.scala,Tier_2,Scala,Search/Discovery,legacy_hotspot,3328,122,218,20,27.88,0,29,53.6,1326,68,4,0.716,90.9,0.346,14.57,0.272,6,2,216,32.6,59.9
TD-00770,batch-reporting-service,batch-reporting-service/src/main/java/com/platform/controller/session_handler_13.java,Tier_3,Java,Reporting,dormant_legacy,1828,65,85,12,14.06,2,8,63.52,23,2,1,0.04,33.5,0.127,31.45,0.042,0,0,143,8.3,4.4
TD-00771,inventory-worker,inventory-worker/utils/helpers/session_handler_4.py,Tier_2,Python,Supply Chain,average,1323,21,23,10,13.76,0,17,15.68,101,17,2,0.513,25.7,0.094,62.85,0.16,1,1,59,12.1,10.5
TD-00772,batch-reporting-service,batch-reporting-service/src/main/java/com/platform/controller/rule_engine_18.java,Tier_3,Java,Reporting,healthy_active,348,5,4,1,5.0,0,5,9.27,862,47,7,0.278,15.1,0.09,92.25,0.065,0,0,55,2.2,2.8
TD-00773,order-management,order-management/src/main/java/com/platform/service/cache_adapter_15.java,Tier_1,Java,Core Business,dormant_legacy,1823,94,110,13,13.36,1,13,66.32,40,3,1,0.165,17.1,0.169,39.26,0.081,0,0,90,6.1,8.8
TD-00774,user-profile-api,user-profile-api/utils/helpers/exporter_10.py,Tier_2,Python,User Management,average,533,22,22,15,11.86,0,12,14.67,178,11,2,0.425,30.3,0.099,71.35,0.155,0,1,70,15.1,12.5
TD-00775,auth-service,auth-service/pkg/client/query_builder_16.go,Tier_1,Go,Security/IAM,dormant_legacy,855,58,77,11,18.57,0,21,41.96,41,0,1,0.053,34.6,0.142,17.64,0.113,0,0,94,16.7,6.8
TD-00776,order-management,order-management/src/main/java/com/platform/repository/aggregator_9.java,Tier_1,Java,Core Business,legacy_hotspot,1934,66,82,61,42.51,0,22,38.08,1829,42,17,0.832,70.2,0.516,23.09,0.36,10,2,212,58.8,50.0
TD-00777,order-management,order-management/src/main/java/com/platform/util/exporter_13.java,Tier_1,Java,Core Business,average,547,21,22,13,11.71,1,19,20.55,398,12,5,0.595,34.2,0.148,62.0,0.071,2,0,82,20.4,16.8
TD-00778,auth-service,auth-service/pkg/client/rule_engine_16.go,Tier_1,Go,Security/IAM,dormant_legacy,1250,60,77,39,26.79,1,23,42.63,30,3,1,0.16,26.1,0.116,16.11,0.076,1,0,88,11.8,11.6
TD-00779,batch-reporting-service,batch-reporting-service/src/main/java/com/platform/util/client_pool_17.java,Tier_3,Java,Reporting,average,1618,25,30,9,8.5,0,17,11.38,366,9,4,0.645,34.6,0.18,60.65,0.059,1,0,97,14.0,16.2
TD-00780,search-indexer,search-indexer/src/main/scala/pipeline/processor_12.scala,Tier_2,Scala,Search/Discovery,legacy_hotspot,2510,51,67,56,33.13,1,26,46.99,1216,124,17,0.954,48.4,0.482,35.97,0.321,4,3,144,39.8,30.7
TD-00781,internal-admin-portal,internal-admin-portal/src/pages/admin/validator_8.tsx,Tier_3,TypeScript,Backoffice,average,700,25,30,10,15.99,0,11,16.73,296,17,4,0.552,19.5,0.085,69.32,0.055,1,0,90,8.9,13.3
TD-00782,notification-dispatcher,notification-dispatcher/src/controllers/query_builder_20.js,Tier_2,Node.js,Communications,average,1005,27,31,6,15.69,1,15,13.37,307,10,2,0.371,12.6,0.158,49.83,0.062,1,0,95,9.8,19.2
TD-00783,payment-gateway,payment-gateway/internal/middleware/query_builder_13.go,Tier_1,Go,Fintech/Checkout,average,592,22,27,6,12.57,0,16,30.75,240,10,2,0.571,22.9,0.168,66.5,0.155,0,1,73,13.5,16.1
TD-00784,notification-dispatcher,notification-dispatcher/src/lib/validator_1.js,Tier_2,Node.js,Communications,dormant_legacy,3435,159,234,11,17.82,0,7,35.38,7,2,1,0.224,21.5,0.059,45.3,0.042,1,0,88,14.6,10.8
TD-00785,auth-service,auth-service/pkg/storage/aggregator_17.go,Tier_1,Go,Security/IAM,average,443,23,24,11,6.76,0,15,15.75,185,13,3,0.604,26.7,0.083,60.57,0.131,0,0,43,14.3,19.4
TD-00786,internal-admin-portal,internal-admin-portal/src/components/forms/legacy_sync_12.tsx,Tier_3,TypeScript,Backoffice,average,782,18,24,12,15.12,0,12,28.16,99,18,5,0.428,24.6,0.096,57.51,0.083,0,1,95,10.1,14.9
TD-00787,search-indexer,search-indexer/src/main/scala/index/exporter_19.scala,Tier_2,Scala,Search/Discovery,dormant_legacy,1673,74,98,35,28.68,0,7,41.19,15,1,0,0.101,24.5,0.157,49.17,0.148,0,0,94,15.6,4.4
TD-00788,internal-admin-portal,internal-admin-portal/src/components/forms/session_handler_1.tsx,Tier_3,TypeScript,Backoffice,dormant_legacy,1590,59,83,34,14.07,0,16,40.42,86,3,0,0.294,35.1,0.194,44.92,0.07,0,0,57,6.5,3.6
TD-00789,analytics-etl,analytics-etl/services/core/dispatcher_14.py,Tier_3,Python,Data/BI,healthy_active,643,5,4,5,0.46,0,13,3.58,473,29,2,0.451,5.7,0.071,95.73,0.026,0,0,15,3.5,5.6
TD-00790,auth-service,auth-service/pkg/handler/state_machine_5.go,Tier_1,Go,Security/IAM,dormant_legacy,886,96,124,63,29.6,1,19,41.21,33,3,1,0.153,30.8,0.058,28.63,0.104,0,0,116,9.6,9.6
TD-00791,notification-dispatcher,notification-dispatcher/src/services/session_handler_15.js,Tier_2,Node.js,Communications,average,734,12,16,4,11.42,0,11,13.29,555,18,4,0.536,23.2,0.165,47.82,0.146,1,1,78,14.9,18.2
TD-00792,user-profile-api,user-profile-api/tasks/workers/legacy_sync_12.py,Tier_2,Python,User Management,dormant_legacy,1583,50,58,39,13.12,0,14,29.86,87,0,0,0.073,25.8,0.221,21.77,0.051,0,0,109,6.9,4.0
TD-00793,analytics-etl,analytics-etl/services/core/legacy_sync_15.py,Tier_3,Python,Data/BI,healthy_active,392,7,7,4,3.39,0,4,7.9,637,60,6,0.533,8.0,0.031,85.79,0.025,0,0,35,5.5,5.7
TD-00794,notification-dispatcher,notification-dispatcher/src/routes/dispatcher_2.js,Tier_2,Node.js,Communications,average,736,21,21,15,4.64,1,14,15.05,653,9,4,0.409,31.1,0.095,62.07,0.073,1,1,32,11.2,18.5
TD-00795,auth-service,auth-service/pkg/handler/state_machine_11.go,Tier_1,Go,Security/IAM,healthy_active,799,17,18,0,2.81,0,3,12.32,437,62,6,0.465,8.3,0.025,88.55,0.026,1,0,55,6.5,5.0
TD-00796,auth-service,auth-service/internal/service/parser_8.go,Tier_1,Go,Security/IAM,healthy_active,625,13,14,3,4.0,0,8,5.1,405,55,5,0.37,13.9,0.107,95.56,0.077,0,0,47,3.4,1.8
TD-00797,internal-admin-portal,internal-admin-portal/src/components/forms/client_pool_6.tsx,Tier_3,TypeScript,Backoffice,healthy_active,445,14,16,1,1.52,0,10,1.96,340,33,7,0.503,7.2,0.079,81.5,0.06,0,0,30,1.5,1.7
TD-00798,notification-dispatcher,notification-dispatcher/src/queues/router_15.js,Tier_2,Node.js,Communications,healthy_active,456,4,4,3,2.87,0,6,10.51,1002,38,2,0.528,13.2,0.048,92.35,0.04,0,0,20,7.9,4.0
TD-00799,user-profile-api,user-profile-api/utils/helpers/query_builder_6.py,Tier_2,Python,User Management,average,895,25,29,9,9.55,1,9,32.14,325,16,3,0.309,14.0,0.141,52.06,0.158,2,0,105,12.7,15.8
TD-00800,order-management,order-management/src/main/java/com/platform/util/router_1.java,Tier_1,Java,Core Business,average,344,16,18,4,12.03,0,19,12.77,302,10,3,0.364,22.3,0.186,65.57,0.053,1,0,56,14.4,10.6
TD-00801,batch-reporting-service,batch-reporting-service/src/main/java/com/platform/controller/legacy_sync_19.java,Tier_3,Java,Reporting,legacy_hotspot,1635,96,154,24,26.3,3,24,34.17,849,90,11,0.681,85.5,0.273,24.13,0.171,4,2,194,35.2,53.7
TD-00802,search-indexer,search-indexer/src/main/scala/index/processor_7.scala,Tier_2,Scala,Search/Discovery,dormant_legacy,1803,93,137,16,31.67,0,20,25.82,10,0,1,0.18,32.8,0.187,44.75,0.048,2,0,105,10.3,6.9
TD-00803,user-profile-api,user-profile-api/models/data/exporter_3.py,Tier_2,Python,User Management,dormant_legacy,2048,67,95,19,18.91,0,18,54.22,7,1,0,0.271,15.2,0.162,29.33,0.123,0,0,65,9.9,8.7
TD-00804,batch-reporting-service,batch-reporting-service/src/main/java/com/platform/service/exporter_18.java,Tier_3,Java,Reporting,healthy_active,1054,9,8,0,4.0,0,9,10.59,1276,42,6,0.431,11.6,0.054,90.72,0.068,0,0,20,0.7,3.1
TD-00805,order-management,order-management/src/main/java/com/platform/repository/session_handler_7.java,Tier_1,Java,Core Business,healthy_active,303,15,16,1,2.77,0,10,2.74,222,29,2,0.298,9.6,0.053,91.88,0.074,1,0,38,7.1,6.9
TD-00806,analytics-etl,analytics-etl/services/core/dispatcher_16.py,Tier_3,Python,Data/BI,healthy_active,184,10,9,2,1.8,0,8,11.64,1192,48,2,0.331,5.4,0.046,80.36,0.031,0,0,36,5.1,7.7
TD-00807,internal-admin-portal,internal-admin-portal/src/hooks/rule_engine_13.tsx,Tier_3,TypeScript,Backoffice,healthy_active,574,14,13,2,2.26,0,10,6.71,507,74,6,0.574,6.3,0.074,79.05,0.035,0,0,43,3.5,5.2
TD-00808,batch-reporting-service,batch-reporting-service/src/main/java/com/platform/util/rule_engine_4.java,Tier_3,Java,Reporting,healthy_active,447,17,17,0,4.71,0,3,1.49,592,31,6,0.271,15.5,0.03,86.4,0.024,0,0,35,1.6,4.4
TD-00809,notification-dispatcher,notification-dispatcher/src/services/state_machine_15.js,Tier_2,Node.js,Communications,healthy_active,469,8,7,0,2.9,0,7,1.55,442,27,3,0.461,7.3,0.035,89.32,0.042,0,0,22,0.9,4.8
TD-00810,batch-reporting-service,batch-reporting-service/src/main/java/com/platform/controller/state_machine_10.java,Tier_3,Java,Reporting,healthy_active,484,15,16,3,3.48,0,4,9.77,619,63,2,0.574,7.3,0.035,93.65,0.076,0,0,44,0.9,4.4
TD-00811,batch-reporting-service,batch-reporting-service/src/main/java/com/platform/service/query_builder_5.java,Tier_3,Java,Reporting,healthy_active,750,13,14,5,2.73,0,7,1.7,771,45,2,0.437,11.7,0.067,91.05,0.07,0,0,41,7.3,3.4
TD-00812,notification-dispatcher,notification-dispatcher/src/routes/aggregator_10.js,Tier_2,Node.js,Communications,dormant_legacy,1160,44,59,40,27.85,0,14,53.29,191,0,0,0.329,29.3,0.226,19.6,0.124,0,0,115,8.9,8.4
TD-00813,auth-service,auth-service/internal/service/session_handler_5.go,Tier_1,Go,Security/IAM,average,523,13,14,11,11.79,0,21,32.52,353,7,2,0.387,14.0,0.195,68.15,0.075,0,0,85,11.2,15.5
TD-00814,internal-admin-portal,internal-admin-portal/src/state/router_20.tsx,Tier_3,TypeScript,Backoffice,healthy_active,601,6,6,4,2.19,0,10,11.45,531,32,6,0.231,8.8,0.114,78.55,0.063,1,0,42,1.7,7.4
TD-00815,order-management,order-management/src/main/java/com/platform/util/router_6.java,Tier_1,Java,Core Business,healthy_active,595,14,14,3,2.1,0,14,4.45,544,55,3,0.316,11.8,0.08,95.43,0.07,0,0,32,4.8,2.4
TD-00816,analytics-etl,analytics-etl/tasks/workers/cache_adapter_6.py,Tier_3,Python,Data/BI,dormant_legacy,1652,48,63,40,9.97,0,8,48.71,56,2,1,0.338,17.7,0.191,44.47,0.09,0,0,15,17.1,9.4
TD-00817,internal-admin-portal,internal-admin-portal/src/components/forms/legacy_sync_10.tsx,Tier_3,TypeScript,Backoffice,healthy_active,353,13,13,3,3.18,0,5,8.22,715,32,6,0.249,17.8,0.021,93.95,0.035,0,0,36,1.3,5.9
TD-00818,order-management,order-management/src/main/java/com/platform/controller/session_handler_15.java,Tier_1,Java,Core Business,average,1184,26,32,14,9.45,0,8,24.43,215,10,5,0.48,29.5,0.083,58.93,0.148,0,0,56,14.1,15.9
TD-00819,batch-reporting-service,batch-reporting-service/src/main/java/com/platform/service/state_machine_12.java,Tier_3,Java,Reporting,dormant_legacy,718,46,65,14,25.32,0,20,42.88,36,0,1,0.074,34.3,0.146,33.77,0.091,0,0,81,5.1,6.0
TD-00820,payment-gateway,payment-gateway/pkg/client/manager_7.go,Tier_1,Go,Fintech/Checkout,average,800,18,24,12,5.61,0,8,18.42,418,17,4,0.372,28.9,0.089,59.41,0.054,2,0,51,13.5,9.5
TD-00821,search-indexer,search-indexer/src/main/scala/pipeline/client_pool_16.scala,Tier_2,Scala,Search/Discovery,dormant_legacy,1335,50,62,54,9.68,2,24,46.2,24,3,0,0.076,20.5,0.249,38.05,0.14,0,0,94,11.0,5.3
TD-00822,search-indexer,search-indexer/src/main/scala/pipeline/legacy_sync_14.scala,Tier_2,Scala,Search/Discovery,healthy_active,717,3,2,0,2.37,0,12,11.07,449,31,3,0.341,14.2,0.081,79.46,0.055,0,0,33,5.8,6.1
TD-00823,analytics-etl,analytics-etl/utils/helpers/manager_3.py,Tier_3,Python,Data/BI,average,1805,22,22,12,5.57,0,12,26.01,234,8,2,0.527,22.1,0.128,47.82,0.066,0,1,59,9.9,7.1
TD-00824,batch-reporting-service,batch-reporting-service/src/main/java/com/platform/service/exporter_8.java,Tier_3,Java,Reporting,dormant_legacy,693,51,65,18,23.88,0,9,68.36,98,1,0,0.063,25.5,0.232,26.29,0.146,0,1,66,16.4,4.5
TD-00825,inventory-worker,inventory-worker/services/core/dispatcher_8.py,Tier_2,Python,Supply Chain,legacy_hotspot,2584,61,77,34,43.43,1,27,79.11,1052,149,10,0.845,64.8,0.35,15.3,0.39,6,3,212,57.2,51.7
TD-00826,internal-admin-portal,internal-admin-portal/src/hooks/manager_15.tsx,Tier_3,TypeScript,Backoffice,legacy_hotspot,2020,61,84,47,47.57,0,15,64.66,1372,129,11,0.831,34.5,0.473,6.27,0.124,7,3,152,44.5,69.5
TD-00827,batch-reporting-service,batch-reporting-service/src/main/java/com/platform/util/client_pool_17.java,Tier_3,Java,Reporting,legacy_hotspot,3181,98,151,19,39.89,2,10,46.51,1003,43,14,0.701,46.3,0.276,10.2,0.257,4,3,171,34.3,40.0
TD-00828,auth-service,auth-service/internal/middleware/validator_9.go,Tier_1,Go,Security/IAM,healthy_active,508,12,12,0,4.95,0,8,8.77,332,44,3,0.459,5.6,0.104,95.4,0.06,0,0,46,7.6,7.8
TD-00829,internal-admin-portal,internal-admin-portal/src/hooks/client_pool_2.tsx,Tier_3,TypeScript,Backoffice,healthy_active,709,13,13,5,4.48,0,4,6.79,963,54,4,0.383,13.2,0.117,91.39,0.015,0,0,23,6.6,3.3
TD-00830,analytics-etl,analytics-etl/tasks/workers/aggregator_14.py,Tier_3,Python,Data/BI,healthy_active,843,14,14,4,0.93,0,9,13.39,591,32,3,0.399,14.6,0.026,85.5,0.057,0,0,30,5.2,7.8
TD-00831,auth-service,auth-service/internal/service/dispatcher_2.go,Tier_1,Go,Security/IAM,average,878,18,23,5,13.82,0,15,21.47,271,15,5,0.379,20.4,0.171,71.77,0.086,1,0,57,15.5,15.5
TD-00832,analytics-etl,analytics-etl/models/data/session_handler_3.py,Tier_3,Python,Data/BI,legacy_hotspot,2558,122,169,48,43.18,1,39,60.67,739,45,7,0.704,76.4,0.543,18.93,0.142,5,3,116,43.5,54.5
TD-00833,analytics-etl,analytics-etl/services/core/exporter_8.py,Tier_3,Python,Data/BI,average,1007,25,30,9,4.53,0,6,18.07,276,10,4,0.506,33.6,0.146,70.72,0.151,0,0,75,14.7,14.2
TD-00834,user-profile-api,user-profile-api/tasks/workers/cache_adapter_12.py,Tier_2,Python,User Management,legacy_hotspot,2073,89,119,45,47.86,0,31,36.68,1296,73,14,0.793,67.0,0.637,37.41,0.246,6,2,83,59.6,71.9
TD-00835,batch-reporting-service,batch-reporting-service/src/main/java/com/platform/util/manager_20.java,Tier_3,Java,Reporting,average,1372,18,20,14,7.55,0,13,17.11,115,7,2,0.596,18.1,0.119,71.55,0.05,3,0,78,16.9,20.0
TD-00836,order-management,order-management/src/main/java/com/platform/controller/state_machine_7.java,Tier_1,Java,Core Business,healthy_active,306,6,6,5,2.73,0,3,1.43,505,51,7,0.232,14.7,0.065,85.0,0.058,0,0,15,0.2,2.5
TD-00837,payment-gateway,payment-gateway/internal/middleware/session_handler_18.go,Tier_1,Go,Fintech/Checkout,dormant_legacy,754,59,85,21,30.43,0,5,53.99,123,2,1,0.161,27.3,0.24,27.83,0.147,0,0,67,7.5,3.4
TD-00838,inventory-worker,inventory-worker/tasks/workers/client_pool_6.py,Tier_2,Python,Supply Chain,average,820,15,20,6,9.68,0,18,30.43,329,5,5,0.304,31.0,0.137,65.12,0.053,3,0,74,16.1,18.7
TD-00839,notification-dispatcher,notification-dispatcher/src/services/dispatcher_19.js,Tier_2,Node.js,Communications,dormant_legacy,2211,38,52,36,11.73,1,18,68.9,11,2,0,0.166,13.6,0.194,28.02,0.046,0,1,69,14.0,6.9
TD-00840,inventory-worker,inventory-worker/tasks/workers/parser_4.py,Tier_2,Python,Supply Chain,dormant_legacy,1888,58,85,22,11.49,2,7,30.93,37,2,1,0.243,39.1,0.207,22.85,0.059,0,0,89,7.3,4.6
TD-00841,order-management,order-management/src/main/java/com/platform/util/parser_2.java,Tier_1,Java,Core Business,dormant_legacy,1816,34,41,10,26.79,1,7,26.38,37,0,0,0.23,35.0,0.125,47.09,0.062,0,1,100,17.2,9.0
TD-00842,inventory-worker,inventory-worker/handlers/api/cache_adapter_5.py,Tier_2,Python,Supply Chain,healthy_active,375,8,7,2,0.3,0,14,13.71,1140,32,7,0.55,8.8,0.04,83.93,0.053,0,0,23,5.6,3.4
TD-00843,user-profile-api,user-profile-api/handlers/api/cache_adapter_11.py,Tier_2,Python,User Management,healthy_active,308,17,19,4,4.87,0,5,10.76,845,36,4,0.283,9.1,0.069,95.26,0.077,3,0,51,0.6,4.0
TD-00844,user-profile-api,user-profile-api/utils/helpers/legacy_sync_5.py,Tier_2,Python,User Management,legacy_hotspot,2750,86,141,34,33.26,2,21,45.57,1923,43,8,0.694,40.5,0.556,24.36,0.26,5,4,121,49.1,44.2
TD-00845,batch-reporting-service,batch-reporting-service/src/main/java/com/platform/repository/query_builder_14.java,Tier_3,Java,Reporting,healthy_active,352,8,7,1,0.34,0,12,2.77,787,33,2,0.285,4.2,0.092,89.59,0.022,1,0,37,1.1,4.0
TD-00846,search-indexer,search-indexer/src/main/scala/index/validator_3.scala,Tier_2,Scala,Search/Discovery,average,710,26,29,15,10.82,0,19,14.94,124,8,5,0.307,20.6,0.116,65.65,0.077,1,0,113,15.8,17.8
TD-00847,search-indexer,search-indexer/src/main/scala/pipeline/cache_adapter_9.scala,Tier_2,Scala,Search/Discovery,average,1034,24,30,6,5.42,0,20,18.1,149,19,4,0.356,35.2,0.109,50.76,0.044,1,0,80,15.1,6.7
TD-00848,notification-dispatcher,notification-dispatcher/src/lib/legacy_sync_11.js,Tier_2,Node.js,Communications,healthy_active,407,4,3,1,4.15,0,12,1.0,945,36,7,0.429,9.7,0.048,82.95,0.066,1,0,38,6.3,5.9
TD-00849,batch-reporting-service,batch-reporting-service/src/main/java/com/platform/service/state_machine_3.java,Tier_3,Java,Reporting,average,792,12,14,8,11.32,0,11,29.62,576,13,5,0.633,29.1,0.14,58.4,0.138,1,0,71,15.7,18.3
TD-00850,analytics-etl,analytics-etl/models/data/state_machine_3.py,Tier_3,Python,Data/BI,average,803,21,28,7,8.18,0,19,10.33,157,16,5,0.515,20.3,0.123,51.22,0.089,0,1,31,11.2,14.9
TD-00851,internal-admin-portal,internal-admin-portal/src/state/aggregator_14.tsx,Tier_3,TypeScript,Backoffice,healthy_active,508,10,10,0,3.55,0,6,0.18,687,27,2,0.291,6.9,0.062,83.8,0.06,0,0,27,2.6,4.1
TD-00852,user-profile-api,user-profile-api/utils/helpers/dispatcher_11.py,Tier_2,Python,User Management,legacy_hotspot,1881,124,167,33,46.43,2,15,82.47,927,39,13,0.98,82.5,0.422,27.0,0.349,5,2,90,53.2,26.8
TD-00853,inventory-worker,inventory-worker/models/data/client_pool_19.py,Tier_2,Python,Supply Chain,dormant_legacy,1541,54,61,60,17.6,1,13,51.51,61,0,0,0.046,13.0,0.129,49.28,0.034,0,0,64,9.1,9.2
TD-00854,order-management,order-management/src/main/java/com/platform/util/exporter_11.java,Tier_1,Java,Core Business,healthy_active,265,3,3,4,4.64,0,13,13.7,1481,68,4,0.328,11.8,0.048,80.99,0.042,0,0,31,4.8,2.8
TD-00855,payment-gateway,payment-gateway/pkg/handler/validator_15.go,Tier_1,Go,Fintech/Checkout,dormant_legacy,1325,69,77,27,14.53,0,17,63.36,88,1,1,0.096,26.9,0.063,29.88,0.036,0,1,117,6.2,11.3
TD-00856,payment-gateway,payment-gateway/pkg/handler/parser_6.go,Tier_1,Go,Fintech/Checkout,average,733,23,25,9,12.7,0,6,18.3,387,6,3,0.627,20.1,0.22,74.36,0.133,0,0,79,15.3,11.4
TD-00857,analytics-etl,analytics-etl/utils/helpers/processor_14.py,Tier_3,Python,Data/BI,healthy_active,557,4,4,2,3.2,0,9,11.98,807,47,3,0.372,5.3,0.116,85.78,0.057,0,0,37,0.4,7.7
TD-00858,user-profile-api,user-profile-api/handlers/api/parser_10.py,Tier_2,Python,User Management,healthy_active,621,12,14,5,2.8,0,10,8.17,958,44,2,0.32,5.0,0.112,86.12,0.023,0,0,40,2.4,3.2
TD-00859,order-management,order-management/src/main/java/com/platform/repository/validator_12.java,Tier_1,Java,Core Business,healthy_active,470,12,11,0,0.77,0,6,2.91,911,47,2,0.409,14.2,0.046,94.83,0.039,0,0,33,2.7,3.4
TD-00860,inventory-worker,inventory-worker/services/core/session_handler_6.py,Tier_2,Python,Supply Chain,healthy_active,383,5,5,0,2.82,0,14,6.45,850,45,2,0.264,6.7,0.092,78.91,0.044,0,0,50,3.7,2.1
TD-00861,payment-gateway,payment-gateway/pkg/client/query_builder_10.go,Tier_1,Go,Fintech/Checkout,dormant_legacy,1484,40,50,10,16.3,0,18,48.21,14,1,0,0.31,13.7,0.177,26.12,0.096,0,0,93,6.5,3.6
TD-00862,user-profile-api,user-profile-api/utils/helpers/query_builder_3.py,Tier_2,Python,User Management,dormant_legacy,845,65,81,40,14.33,1,14,69.49,41,0,1,0.262,28.0,0.169,18.55,0.02,0,1,113,17.3,9.0
TD-00863,auth-service,auth-service/pkg/handler/aggregator_16.go,Tier_1,Go,Security/IAM,average,1073,25,30,9,14.45,0,14,13.94,396,16,2,0.551,18.0,0.163,61.02,0.141,2,0,93,13.3,6.6
TD-00864,auth-service,auth-service/internal/service/rule_engine_8.go,Tier_1,Go,Security/IAM,average,1053,15,16,5,6.77,1,12,21.26,631,15,2,0.41,29.1,0.101,55.23,0.042,3,0,110,14.9,18.8
TD-00865,internal-admin-portal,internal-admin-portal/src/state/processor_1.tsx,Tier_3,TypeScript,Backoffice,legacy_hotspot,2367,62,103,53,47.31,2,20,73.38,1155,50,6,0.688,35.3,0.271,14.92,0.398,6,1,199,40.1,29.2
TD-00866,notification-dispatcher,notification-dispatcher/src/routes/state_machine_14.js,Tier_2,Node.js,Communications,average,1169,18,22,7,13.96,0,11,10.77,337,13,3,0.335,19.2,0.192,55.93,0.059,1,0,59,16.8,11.5
TD-00867,order-management,order-management/src/main/java/com/platform/util/validator_8.java,Tier_1,Java,Core Business,healthy_active,982,8,9,0,1.05,0,7,10.31,898,36,6,0.373,4.6,0.022,89.64,0.048,0,0,29,8.0,7.6
TD-00868,search-indexer,search-indexer/src/main/scala/engine/cache_adapter_4.scala,Tier_2,Scala,Search/Discovery,average,841,17,21,8,10.72,0,21,14.69,753,5,2,0.639,27.3,0.177,51.53,0.147,3,0,76,16.2,11.1
TD-00869,auth-service,auth-service/pkg/storage/session_handler_10.go,Tier_1,Go,Security/IAM,dormant_legacy,1382,29,42,18,30.15,2,6,34.67,71,1,1,0.065,28.7,0.222,28.39,0.112,1,1,31,7.1,6.7
TD-00870,order-management,order-management/src/main/java/com/platform/util/exporter_5.java,Tier_1,Java,Core Business,healthy_active,772,8,8,2,4.84,0,6,10.28,806,49,5,0.217,6.7,0.062,93.01,0.044,0,0,29,7.0,3.2
TD-00871,order-management,order-management/src/main/java/com/platform/service/client_pool_19.java,Tier_1,Java,Core Business,dormant_legacy,1634,49,62,21,29.59,0,17,24.67,33,2,1,0.314,18.8,0.191,25.58,0.026,1,0,72,13.0,11.0
TD-00872,payment-gateway,payment-gateway/internal/middleware/query_builder_6.go,Tier_1,Go,Fintech/Checkout,healthy_active,675,7,6,0,2.46,0,13,5.57,194,34,7,0.408,17.3,0.085,82.99,0.047,0,0,46,1.4,1.2
TD-00873,analytics-etl,analytics-etl/models/data/cache_adapter_7.py,Tier_3,Python,Data/BI,healthy_active,703,5,5,3,0.95,0,13,0.15,510,38,7,0.221,12.1,0.101,78.65,0.05,0,0,41,7.1,2.0
TD-00874,order-management,order-management/src/main/java/com/platform/util/rule_engine_15.java,Tier_1,Java,Core Business,healthy_active,534,13,14,1,0.69,0,3,2.6,983,29,7,0.592,12.0,0.115,85.99,0.041,0,0,33,5.6,3.6
TD-00875,user-profile-api,user-profile-api/services/core/parser_4.py,Tier_2,Python,User Management,dormant_legacy,617,108,150,22,31.99,1,19,29.76,22,1,0,0.298,19.6,0.169,24.91,0.034,1,0,33,13.4,10.1
TD-00876,order-management,order-management/src/main/java/com/platform/service/rule_engine_13.java,Tier_1,Java,Core Business,average,696,12,14,4,14.06,0,13,29.91,129,9,5,0.435,12.4,0.134,69.26,0.105,0,0,67,12.1,12.7
TD-00877,notification-dispatcher,notification-dispatcher/src/lib/session_handler_5.js,Tier_2,Node.js,Communications,healthy_active,484,6,6,0,1.98,0,14,7.49,590,28,5,0.455,6.3,0.048,92.07,0.042,1,0,16,1.9,7.5
TD-00878,user-profile-api,user-profile-api/models/data/query_builder_3.py,Tier_2,Python,User Management,dormant_legacy,1342,46,53,30,27.4,0,21,68.27,4,2,0,0.249,33.6,0.133,22.45,0.121,2,0,78,16.2,9.7
TD-00879,user-profile-api,user-profile-api/tasks/workers/rule_engine_20.py,Tier_2,Python,User Management,healthy_active,818,15,14,2,1.07,0,12,6.79,441,50,6,0.454,15.9,0.03,91.21,0.062,0,0,32,3.9,3.2
TD-00880,batch-reporting-service,batch-reporting-service/src/main/java/com/platform/repository/exporter_1.java,Tier_3,Java,Reporting,healthy_active,299,5,5,2,4.43,0,11,12.81,255,54,2,0.53,16.9,0.024,91.39,0.012,0,0,53,2.8,6.7
TD-00881,inventory-worker,inventory-worker/handlers/api/client_pool_20.py,Tier_2,Python,Supply Chain,dormant_legacy,1797,35,42,21,14.47,1,9,38.36,9,3,1,0.334,22.1,0.216,40.84,0.136,1,0,59,15.6,2.1
TD-00882,internal-admin-portal,internal-admin-portal/src/components/forms/cache_adapter_13.tsx,Tier_3,TypeScript,Backoffice,legacy_hotspot,2540,73,118,49,12.08,0,28,83.88,2175,61,10,0.699,38.7,0.268,33.13,0.182,6,1,160,56.8,58.2
TD-00883,inventory-worker,inventory-worker/services/core/exporter_8.py,Tier_2,Python,Supply Chain,healthy_active,253,3,2,1,0.64,0,12,7.75,929,65,3,0.449,5.6,0.033,79.29,0.059,0,0,44,5.9,4.2
TD-00884,analytics-etl,analytics-etl/utils/helpers/validator_8.py,Tier_3,Python,Data/BI,healthy_active,530,9,9,0,2.78,0,7,10.24,470,68,7,0.548,6.4,0.027,80.15,0.021,0,0,33,7.8,3.5
TD-00885,analytics-etl,analytics-etl/tasks/workers/validator_17.py,Tier_3,Python,Data/BI,healthy_active,1019,6,6,2,2.91,0,12,10.19,828,31,3,0.204,16.0,0.076,84.9,0.039,0,0,21,0.6,2.9
TD-00886,payment-gateway,payment-gateway/pkg/storage/parser_11.go,Tier_1,Go,Fintech/Checkout,healthy_active,701,4,4,5,3.56,0,7,12.2,593,19,7,0.276,4.7,0.053,91.09,0.075,0,0,36,7.7,4.5
TD-00887,order-management,order-management/src/main/java/com/platform/util/state_machine_19.java,Tier_1,Java,Core Business,dormant_legacy,1098,33,43,19,22.08,1,7,63.89,38,1,1,0.071,30.4,0.139,25.17,0.074,0,1,80,12.0,9.0
TD-00888,search-indexer,search-indexer/src/main/scala/index/client_pool_6.scala,Tier_2,Scala,Search/Discovery,average,926,26,35,9,14.06,1,12,27.06,554,14,5,0.388,14.7,0.157,49.53,0.153,0,1,84,8.8,19.3
TD-00889,analytics-etl,analytics-etl/services/core/processor_19.py,Tier_3,Python,Data/BI,average,347,12,14,11,12.65,0,10,16.97,373,7,3,0.6,24.4,0.113,50.8,0.154,0,1,41,16.9,19.5
TD-00890,auth-service,auth-service/pkg/handler/dispatcher_7.go,Tier_1,Go,Security/IAM,healthy_active,622,3,3,2,3.1,0,5,0.76,1199,44,2,0.252,8.3,0.023,89.61,0.066,1,0,38,5.9,7.3
TD-00891,payment-gateway,payment-gateway/pkg/handler/exporter_13.go,Tier_1,Go,Fintech/Checkout,healthy_active,729,4,4,4,4.59,0,11,11.3,166,42,2,0.272,10.9,0.107,91.92,0.016,1,0,25,5.4,1.2
TD-00892,internal-admin-portal,internal-admin-portal/src/hooks/query_builder_17.tsx,Tier_3,TypeScript,Backoffice,healthy_active,1003,16,18,2,2.65,0,5,14.32,377,70,7,0.207,10.1,0.087,81.92,0.061,0,0,23,3.6,5.7
TD-00893,search-indexer,search-indexer/src/main/scala/index/cache_adapter_13.scala,Tier_2,Scala,Search/Discovery,average,781,22,28,4,5.89,0,16,18.32,651,15,5,0.583,23.2,0.181,70.31,0.096,2,0,43,17.5,16.2
TD-00894,auth-service,auth-service/internal/middleware/client_pool_20.go,Tier_1,Go,Security/IAM,average,421,17,23,13,8.98,0,17,15.2,501,18,2,0.399,12.5,0.103,55.48,0.157,1,0,73,16.1,6.7
TD-00895,order-management,order-management/src/main/java/com/platform/repository/validator_10.java,Tier_1,Java,Core Business,dormant_legacy,842,46,62,15,17.52,0,24,58.41,67,2,1,0.091,15.4,0.135,48.03,0.085,1,0,136,17.6,3.7
TD-00896,auth-service,auth-service/internal/middleware/parser_7.go,Tier_1,Go,Security/IAM,legacy_hotspot,2162,54,72,76,45.41,2,23,27.96,880,34,17,0.7,82.1,0.282,10.44,0.314,10,3,171,48.2,78.2
TD-00897,order-management,order-management/src/main/java/com/platform/repository/router_19.java,Tier_1,Java,Core Business,legacy_hotspot,3524,52,62,48,41.81,1,18,40.45,1087,80,7,0.836,85.8,0.258,8.2,0.189,5,3,128,50.9,68.5
TD-00898,auth-service,auth-service/pkg/storage/cache_adapter_14.go,Tier_1,Go,Security/IAM,average,1001,18,21,15,4.78,0,9,11.18,313,14,5,0.448,13.0,0.184,51.69,0.153,1,1,85,21.1,11.9
TD-00899,user-profile-api,user-profile-api/services/core/aggregator_3.py,Tier_2,Python,User Management,dormant_legacy,1197,67,79,16,29.35,1,16,47.18,13,3,1,0.194,21.2,0.094,31.32,0.107,0,0,116,17.8,5.0
TD-00900,search-indexer,search-indexer/src/main/scala/engine/legacy_sync_20.scala,Tier_2,Scala,Search/Discovery,average,1421,27,35,4,15.83,1,13,26.5,314,18,3,0.316,21.4,0.203,49.83,0.09,1,0,90,16.2,7.4
TD-00901,batch-reporting-service,batch-reporting-service/src/main/java/com/platform/service/dispatcher_6.java,Tier_3,Java,Reporting,average,1344,15,18,9,4.7,0,21,20.17,102,19,3,0.312,19.5,0.103,49.16,0.08,1,0,53,20.9,18.1
TD-00902,auth-service,auth-service/pkg/handler/cache_adapter_5.go,Tier_1,Go,Security/IAM,average,525,19,20,4,12.54,0,16,25.52,440,14,3,0.467,22.6,0.186,53.39,0.066,0,0,56,12.7,11.2
TD-00903,payment-gateway,payment-gateway/internal/service/legacy_sync_12.go,Tier_1,Go,Fintech/Checkout,average,1079,19,22,7,13.08,0,17,19.17,175,17,4,0.307,25.3,0.21,66.39,0.159,2,0,74,14.5,15.0
TD-00904,internal-admin-portal,internal-admin-portal/src/hooks/manager_12.tsx,Tier_3,TypeScript,Backoffice,dormant_legacy,841,84,102,22,21.72,0,17,24.48,38,3,1,0.075,38.2,0.153,31.1,0.076,1,0,84,6.0,7.3
TD-00905,order-management,order-management/src/main/java/com/platform/repository/cache_adapter_4.java,Tier_1,Java,Core Business,dormant_legacy,1734,77,114,32,25.88,0,8,53.77,6,1,0,0.269,15.9,0.094,37.54,0.14,0,0,71,8.7,5.5
TD-00906,payment-gateway,payment-gateway/pkg/storage/exporter_14.go,Tier_1,Go,Fintech/Checkout,legacy_hotspot,3858,125,169,86,43.0,0,17,65.98,1029,65,16,0.77,46.0,0.252,10.2,0.253,7,2,262,42.7,44.5
TD-00907,inventory-worker,inventory-worker/tasks/workers/validator_9.py,Tier_2,Python,Supply Chain,healthy_active,1178,4,3,2,4.94,0,5,4.95,218,42,5,0.589,13.0,0.056,92.71,0.016,0,0,36,3.3,7.9
TD-00908,batch-reporting-service,batch-reporting-service/src/main/java/com/platform/service/legacy_sync_15.java,Tier_3,Java,Reporting,average,478,12,13,9,8.89,1,18,27.87,304,15,4,0.32,12.7,0.101,64.61,0.046,0,0,64,21.3,7.4
TD-00909,internal-admin-portal,internal-admin-portal/src/hooks/processor_16.tsx,Tier_3,TypeScript,Backoffice,legacy_hotspot,2600,100,165,59,15.52,1,38,36.58,1051,60,14,0.783,34.6,0.484,15.2,0.385,7,3,225,48.5,26.4
TD-00910,batch-reporting-service,batch-reporting-service/src/main/java/com/platform/controller/session_handler_6.java,Tier_3,Java,Reporting,healthy_active,205,9,8,2,2.69,0,6,13.13,582,45,7,0.302,12.7,0.065,86.67,0.076,0,0,35,3.7,6.6
TD-00911,inventory-worker,inventory-worker/services/core/parser_19.py,Tier_2,Python,Supply Chain,dormant_legacy,1221,61,74,21,11.65,0,22,34.37,71,3,0,0.229,19.6,0.06,28.06,0.131,0,1,36,7.5,8.9
TD-00912,auth-service,auth-service/internal/service/cache_adapter_17.go,Tier_1,Go,Security/IAM,healthy_active,756,13,14,2,1.96,0,10,2.24,907,33,3,0.265,9.2,0.109,81.71,0.039,0,0,53,6.3,1.4
TD-00913,payment-gateway,payment-gateway/pkg/handler/state_machine_1.go,Tier_1,Go,Fintech/Checkout,healthy_active,388,15,13,0,0.62,0,7,9.83,163,21,4,0.323,13.1,0.035,89.11,0.07,0,0,46,4.5,1.7
TD-00914,user-profile-api,user-profile-api/services/core/legacy_sync_12.py,Tier_2,Python,User Management,average,1101,13,17,13,14.6,0,20,31.98,264,6,4,0.508,34.0,0.081,56.79,0.142,1,0,65,15.9,16.0
TD-00915,search-indexer,search-indexer/src/main/scala/engine/manager_2.scala,Tier_2,Scala,Search/Discovery,average,2340,25,27,10,10.95,1,6,30.6,234,14,4,0.588,16.9,0.201,59.93,0.084,1,0,52,10.8,17.3
TD-00916,internal-admin-portal,internal-admin-portal/src/state/aggregator_11.tsx,Tier_3,TypeScript,Backoffice,healthy_active,1193,11,12,3,0.74,0,9,10.43,660,79,3,0.472,17.8,0.02,87.18,0.075,1,0,33,4.2,1.0
TD-00917,user-profile-api,user-profile-api/utils/helpers/parser_11.py,Tier_2,Python,User Management,average,1235,12,13,11,6.34,0,13,13.53,163,19,3,0.547,19.7,0.198,61.04,0.153,0,0,66,18.7,14.4
TD-00918,inventory-worker,inventory-worker/services/core/rule_engine_12.py,Tier_2,Python,Supply Chain,healthy_active,348,11,12,3,1.97,0,14,4.86,652,53,3,0.298,6.1,0.038,92.45,0.051,1,0,39,6.6,6.1
TD-00919,auth-service,auth-service/internal/middleware/query_builder_2.go,Tier_1,Go,Security/IAM,average,984,14,18,11,4.82,0,11,19.92,68,13,5,0.385,19.8,0.194,57.79,0.077,1,1,51,12.0,19.8
TD-00920,order-management,order-management/src/main/java/com/platform/controller/exporter_17.java,Tier_1,Java,Core Business,dormant_legacy,848,43,52,23,27.24,0,9,61.86,76,2,0,0.003,27.4,0.103,31.42,0.029,0,0,104,6.0,10.4
TD-00921,payment-gateway,payment-gateway/pkg/client/validator_15.go,Tier_1,Go,Fintech/Checkout,dormant_legacy,1620,45,66,25,27.95,1,20,40.28,32,3,0,0.297,32.6,0.228,40.74,0.137,0,0,105,7.3,5.4
TD-00922,inventory-worker,inventory-worker/models/data/session_handler_3.py,Tier_2,Python,Supply Chain,dormant_legacy,1517,25,35,22,9.38,2,22,65.89,64,1,0,0.323,37.6,0.167,28.34,0.033,0,0,73,8.1,7.9
TD-00923,internal-admin-portal,internal-admin-portal/src/state/processor_12.tsx,Tier_3,TypeScript,Backoffice,average,1082,17,22,9,6.69,0,16,12.27,325,16,2,0.545,30.1,0.186,46.82,0.064,1,0,67,19.8,8.0
TD-00924,user-profile-api,user-profile-api/models/data/rule_engine_10.py,Tier_2,Python,User Management,healthy_active,537,7,8,1,2.96,0,14,9.28,251,29,5,0.349,16.5,0.081,93.77,0.047,0,0,22,3.7,6.8
TD-00925,batch-reporting-service,batch-reporting-service/src/main/java/com/platform/controller/legacy_sync_12.java,Tier_3,Java,Reporting,legacy_hotspot,1602,61,92,88,20.95,1,29,78.25,1093,45,8,0.673,51.7,0.642,16.03,0.249,13,4,178,38.4,26.2
TD-00926,batch-reporting-service,batch-reporting-service/src/main/java/com/platform/util/exporter_7.java,Tier_3,Java,Reporting,average,672,25,32,10,5.45,0,17,14.2,302,11,2,0.399,20.0,0.097,57.4,0.11,0,0,102,12.4,14.0
TD-00927,internal-admin-portal,internal-admin-portal/src/components/forms/manager_1.tsx,Tier_3,TypeScript,Backoffice,healthy_active,398,7,8,2,4.45,0,13,1.12,705,39,6,0.459,9.0,0.076,85.42,0.022,0,0,24,1.9,1.4
TD-00928,search-indexer,search-indexer/src/main/scala/engine/aggregator_18.scala,Tier_2,Scala,Search/Discovery,dormant_legacy,1677,44,59,21,25.13,0,7,49.52,70,1,0,0.083,19.6,0.069,35.74,0.071,0,0,117,13.4,8.2
TD-00929,notification-dispatcher,notification-dispatcher/src/routes/session_handler_1.js,Tier_2,Node.js,Communications,average,447,15,18,13,8.97,0,20,18.23,299,13,4,0.423,14.1,0.106,50.69,0.123,2,0,66,15.9,16.4
TD-00930,search-indexer,search-indexer/src/main/scala/pipeline/cache_adapter_10.scala,Tier_2,Scala,Search/Discovery,legacy_hotspot,4522,101,172,24,35.15,2,18,47.77,719,51,14,0.954,44.9,0.346,21.45,0.33,8,3,132,37.5,43.5
TD-00931,auth-service,auth-service/internal/service/client_pool_8.go,Tier_1,Go,Security/IAM,healthy_active,402,9,9,0,0.48,0,10,5.17,1102,74,4,0.539,17.6,0.116,93.41,0.011,1,0,39,6.8,3.0
TD-00932,search-indexer,search-indexer/src/main/scala/index/processor_5.scala,Tier_2,Scala,Search/Discovery,legacy_hotspot,2759,102,147,68,36.25,5,27,77.35,1295,86,11,0.782,80.2,0.597,15.59,0.305,6,1,147,29.1,51.2
TD-00933,inventory-worker,inventory-worker/services/core/processor_8.py,Tier_2,Python,Supply Chain,healthy_active,395,15,13,1,1.66,0,11,3.6,164,31,6,0.425,12.4,0.077,79.47,0.057,0,0,44,3.5,7.0
TD-00934,internal-admin-portal,internal-admin-portal/src/state/cache_adapter_12.tsx,Tier_3,TypeScript,Backoffice,healthy_active,287,14,14,4,4.99,0,14,4.64,899,49,6,0.303,14.9,0.103,92.36,0.025,0,0,38,2.9,6.4
TD-00935,analytics-etl,analytics-etl/services/core/rule_engine_4.py,Tier_3,Python,Data/BI,dormant_legacy,1286,44,48,22,22.7,1,21,29.02,86,1,0,0.326,13.5,0.169,34.75,0.071,2,0,87,9.4,6.3
TD-00936,internal-admin-portal,internal-admin-portal/src/components/forms/query_builder_13.tsx,Tier_3,TypeScript,Backoffice,average,461,26,30,10,7.78,1,12,13.35,129,8,3,0.358,28.9,0.1,63.62,0.101,0,0,55,9.2,16.8
TD-00937,auth-service,auth-service/internal/middleware/rule_engine_2.go,Tier_1,Go,Security/IAM,healthy_active,273,16,19,2,0.33,0,11,11.1,668,32,4,0.457,17.2,0.059,83.42,0.013,0,0,23,0.8,3.3
TD-00938,search-indexer,search-indexer/src/main/scala/pipeline/manager_8.scala,Tier_2,Scala,Search/Discovery,dormant_legacy,1477,90,130,29,17.52,0,20,60.06,14,3,1,0.285,24.7,0.126,49.08,0.035,0,0,63,6.3,4.7
TD-00939,inventory-worker,inventory-worker/models/data/state_machine_11.py,Tier_2,Python,Supply Chain,healthy_active,629,15,16,3,3.13,0,7,14.38,514,38,7,0.345,13.3,0.045,78.62,0.077,0,0,35,5.4,1.8
TD-00940,search-indexer,search-indexer/src/main/scala/pipeline/state_machine_11.scala,Tier_2,Scala,Search/Discovery,dormant_legacy,1680,50,61,14,16.57,0,13,22.39,14,2,1,0.263,16.1,0.238,20.97,0.068,0,0,85,7.1,2.5
TD-00941,notification-dispatcher,notification-dispatcher/src/lib/dispatcher_8.js,Tier_2,Node.js,Communications,average,769,22,29,15,8.58,0,11,28.15,492,17,4,0.355,27.5,0.134,54.96,0.121,3,0,40,19.7,11.3
TD-00942,auth-service,auth-service/internal/service/manager_19.go,Tier_1,Go,Security/IAM,dormant_legacy,887,79,87,16,21.08,1,12,34.82,10,2,1,0.176,26.1,0.235,25.15,0.063,1,0,100,16.2,7.5
TD-00943,auth-service,auth-service/internal/service/validator_6.go,Tier_1,Go,Security/IAM,healthy_active,796,12,12,3,4.92,0,7,10.17,1073,48,6,0.442,16.1,0.046,85.75,0.069,0,0,41,7.0,3.5
TD-00944,analytics-etl,analytics-etl/utils/helpers/session_handler_14.py,Tier_3,Python,Data/BI,legacy_hotspot,1921,87,123,33,28.49,1,19,41.17,1914,43,9,0.752,58.3,0.517,29.65,0.242,5,1,93,52.2,43.2
TD-00945,auth-service,auth-service/internal/middleware/session_handler_7.go,Tier_1,Go,Security/IAM,healthy_active,350,16,17,5,2.65,0,13,12.7,555,45,3,0.431,15.7,0.042,93.0,0.017,0,0,34,1.6,7.1
TD-00946,analytics-etl,analytics-etl/models/data/legacy_sync_9.py,Tier_3,Python,Data/BI,average,571,19,24,10,8.31,0,10,29.55,254,16,4,0.589,18.6,0.182,65.16,0.097,0,1,51,17.9,16.4
TD-00947,auth-service,auth-service/pkg/handler/manager_10.go,Tier_1,Go,Security/IAM,dormant_legacy,2472,77,112,24,8.18,0,7,58.2,34,2,0,0.133,14.7,0.164,24.8,0.106,1,1,86,10.0,6.7
TD-00948,batch-reporting-service,batch-reporting-service/src/main/java/com/platform/service/aggregator_11.java,Tier_3,Java,Reporting,average,1390,12,14,15,4.94,0,11,28.66,154,13,2,0.622,25.9,0.182,71.39,0.149,1,1,82,19.3,15.8
TD-00949,order-management,order-management/src/main/java/com/platform/service/cache_adapter_8.java,Tier_1,Java,Core Business,average,1451,24,30,6,14.34,0,15,16.55,262,8,5,0.511,35.3,0.162,58.98,0.105,4,0,97,17.7,15.2
TD-00950,notification-dispatcher,notification-dispatcher/src/lib/client_pool_2.js,Tier_2,Node.js,Communications,healthy_active,446,3,2,0,1.46,0,12,2.44,598,51,2,0.351,12.8,0.098,91.7,0.036,0,0,45,7.0,3.4
TD-00951,inventory-worker,inventory-worker/models/data/state_machine_6.py,Tier_2,Python,Supply Chain,legacy_hotspot,3625,45,72,50,32.87,1,30,64.25,1589,54,5,0.663,66.3,0.299,14.72,0.305,6,1,192,33.8,50.3
TD-00952,payment-gateway,payment-gateway/pkg/client/state_machine_15.go,Tier_1,Go,Fintech/Checkout,average,670,21,25,8,9.75,0,11,25.22,120,7,2,0.544,22.6,0.199,50.8,0.09,1,0,64,12.1,9.2
TD-00953,internal-admin-portal,internal-admin-portal/src/components/forms/validator_15.tsx,Tier_3,TypeScript,Backoffice,legacy_hotspot,1974,128,224,21,47.45,2,15,51.03,1702,84,10,0.954,90.3,0.607,34.1,0.153,4,2,197,48.3,50.6
TD-00954,auth-service,auth-service/internal/service/validator_1.go,Tier_1,Go,Security/IAM,legacy_hotspot,4712,83,116,58,17.01,1,22,60.26,822,67,8,0.796,43.1,0.371,9.59,0.239,4,5,135,59.9,61.9
TD-00955,payment-gateway,payment-gateway/internal/service/manager_7.go,Tier_1,Go,Fintech/Checkout,healthy_active,676,17,17,3,3.74,0,13,6.71,324,56,7,0.357,16.1,0.108,92.9,0.071,0,0,42,6.3,4.9
TD-00956,search-indexer,search-indexer/src/main/scala/index/query_builder_3.scala,Tier_2,Scala,Search/Discovery,average,1087,12,15,6,10.1,0,16,18.43,348,17,2,0.439,18.5,0.132,66.11,0.08,1,1,41,18.6,12.3
TD-00957,batch-reporting-service,batch-reporting-service/src/main/java/com/platform/repository/parser_3.java,Tier_3,Java,Reporting,healthy_active,842,10,9,0,4.51,0,13,8.43,812,54,3,0.212,4.1,0.056,80.74,0.066,0,0,29,6.6,2.2
TD-00958,payment-gateway,payment-gateway/pkg/handler/aggregator_15.go,Tier_1,Go,Fintech/Checkout,healthy_active,1167,6,5,4,4.12,0,8,9.81,954,62,7,0.209,8.0,0.025,89.72,0.017,1,0,38,0.2,7.0
TD-00959,order-management,order-management/src/main/java/com/platform/service/parser_11.java,Tier_1,Java,Core Business,dormant_legacy,1305,26,29,21,11.18,2,18,27.65,49,0,1,0.265,29.7,0.177,41.72,0.072,0,0,110,17.0,9.0
TD-00960,auth-service,auth-service/pkg/handler/legacy_sync_2.go,Tier_1,Go,Security/IAM,average,709,27,37,14,14.24,0,8,18.6,533,5,5,0.376,25.4,0.092,49.65,0.07,5,0,69,11.9,11.0
TD-00961,order-management,order-management/src/main/java/com/platform/util/state_machine_13.java,Tier_1,Java,Core Business,average,696,24,28,4,7.48,0,8,19.23,367,18,4,0.424,26.7,0.149,66.69,0.107,2,0,59,16.7,6.4
TD-00962,analytics-etl,analytics-etl/services/core/router_14.py,Tier_3,Python,Data/BI,healthy_active,534,15,16,3,0.62,0,11,11.56,219,29,4,0.248,11.2,0.064,83.6,0.068,0,0,44,0.5,2.9
TD-00963,order-management,order-management/src/main/java/com/platform/repository/aggregator_6.java,Tier_1,Java,Core Business,healthy_active,457,4,4,2,2.77,0,12,9.56,904,57,2,0.473,6.7,0.06,86.85,0.025,1,0,28,2.3,5.4
TD-00964,inventory-worker,inventory-worker/models/data/legacy_sync_5.py,Tier_2,Python,Supply Chain,healthy_active,458,16,17,4,1.17,0,6,8.34,466,20,6,0.262,4.8,0.071,79.29,0.035,0,0,15,1.4,1.8
TD-00965,payment-gateway,payment-gateway/internal/middleware/rule_engine_20.go,Tier_1,Go,Fintech/Checkout,dormant_legacy,2060,42,52,29,24.12,1,9,46.18,93,3,1,0.071,37.3,0.201,38.83,0.143,0,0,20,15.7,12.0
TD-00966,user-profile-api,user-profile-api/models/data/legacy_sync_14.py,Tier_2,Python,User Management,legacy_hotspot,2768,98,170,42,25.95,3,12,59.71,2120,53,16,0.716,49.9,0.275,27.85,0.197,6,2,246,27.4,71.0
TD-00967,internal-admin-portal,internal-admin-portal/src/state/processor_3.tsx,Tier_3,TypeScript,Backoffice,average,543,21,21,11,7.62,0,12,30.09,228,5,2,0.451,12.6,0.099,54.69,0.087,2,0,75,22.0,7.9
TD-00968,inventory-worker,inventory-worker/utils/helpers/manager_14.py,Tier_2,Python,Supply Chain,average,800,22,25,9,9.21,0,11,20.14,226,13,4,0.427,16.1,0.163,68.36,0.077,0,0,66,13.7,18.9
TD-00969,user-profile-api,user-profile-api/tasks/workers/aggregator_18.py,Tier_2,Python,User Management,average,1344,23,23,11,4.27,0,11,11.99,192,7,4,0.645,29.4,0.119,65.99,0.125,2,0,78,14.5,19.4
TD-00970,payment-gateway,payment-gateway/pkg/client/exporter_12.go,Tier_1,Go,Fintech/Checkout,average,1037,27,34,9,9.67,0,7,26.6,428,8,4,0.471,15.4,0.204,55.16,0.124,0,0,62,21.7,7.0
TD-00971,analytics-etl,analytics-etl/tasks/workers/exporter_16.py,Tier_3,Python,Data/BI,average,991,26,35,9,6.71,0,10,33.03,159,9,5,0.418,16.5,0.116,61.0,0.074,2,0,86,8.2,6.8
TD-00972,notification-dispatcher,notification-dispatcher/src/queues/client_pool_11.js,Tier_2,Node.js,Communications,dormant_legacy,1522,100,139,34,17.71,0,19,23.74,6,1,0,0.132,35.3,0.181,32.83,0.051,1,0,59,8.1,6.3
TD-00973,search-indexer,search-indexer/src/main/scala/index/manager_1.scala,Tier_2,Scala,Search/Discovery,average,784,21,26,14,7.95,0,9,20.41,310,16,3,0.347,12.9,0.114,56.35,0.141,3,0,93,19.9,13.5
TD-00974,notification-dispatcher,notification-dispatcher/src/queues/aggregator_1.js,Tier_2,Node.js,Communications,dormant_legacy,1804,62,75,66,28.17,0,7,34.86,26,2,1,0.237,13.7,0.117,44.63,0.121,2,0,44,16.7,5.0
TD-00975,inventory-worker,inventory-worker/services/core/exporter_16.py,Tier_2,Python,Supply Chain,dormant_legacy,1269,40,46,24,16.69,1,19,24.71,88,1,1,0.23,17.3,0.072,38.13,0.108,0,0,70,7.5,9.5
TD-00976,internal-admin-portal,internal-admin-portal/src/hooks/exporter_19.tsx,Tier_3,TypeScript,Backoffice,legacy_hotspot,2576,77,117,80,34.0,1,14,65.89,1499,73,7,0.765,94.7,0.621,37.05,0.16,4,2,121,43.8,70.1
TD-00977,user-profile-api,user-profile-api/handlers/api/validator_8.py,Tier_2,Python,User Management,average,520,27,33,5,5.15,0,14,25.98,382,12,3,0.619,24.1,0.148,58.13,0.043,0,0,37,17.7,11.8
TD-00978,user-profile-api,user-profile-api/models/data/client_pool_2.py,Tier_2,Python,User Management,healthy_active,428,17,18,5,4.09,0,12,7.85,836,20,2,0.445,4.1,0.076,84.55,0.012,0,0,35,5.1,5.5
TD-00979,user-profile-api,user-profile-api/tasks/workers/state_machine_13.py,Tier_2,Python,User Management,dormant_legacy,1201,68,81,19,30.32,1,13,35.93,34,3,1,0.31,34.1,0.089,47.66,0.061,2,1,72,13.3,9.3
TD-00980,notification-dispatcher,notification-dispatcher/src/controllers/manager_8.js,Tier_2,Node.js,Communications,legacy_hotspot,1703,72,116,98,32.52,2,25,52.15,1577,45,6,0.883,53.2,0.448,25.98,0.243,5,4,129,45.4,75.2
TD-00981,batch-reporting-service,batch-reporting-service/src/main/java/com/platform/repository/exporter_12.java,Tier_3,Java,Reporting,dormant_legacy,1049,91,108,13,18.44,0,23,39.37,32,0,0,0.025,24.3,0.192,17.03,0.028,0,0,70,17.2,7.8
TD-00982,batch-reporting-service,batch-reporting-service/src/main/java/com/platform/service/cache_adapter_12.java,Tier_3,Java,Reporting,legacy_hotspot,1901,72,95,50,36.58,3,18,66.13,2037,39,5,0.773,56.4,0.333,9.08,0.263,6,1,196,45.6,42.7
TD-00983,batch-reporting-service,batch-reporting-service/src/main/java/com/platform/controller/rule_engine_7.java,Tier_3,Java,Reporting,legacy_hotspot,2832,103,151,58,18.73,2,32,33.87,1379,139,17,0.696,86.0,0.261,7.5,0.153,7,1,131,53.7,34.0
TD-00984,analytics-etl,analytics-etl/tasks/workers/dispatcher_6.py,Tier_3,Python,Data/BI,healthy_active,662,4,4,5,2.85,0,5,0.62,204,62,7,0.545,11.4,0.03,80.44,0.067,1,0,33,0.1,3.3
TD-00985,analytics-etl,analytics-etl/services/core/validator_2.py,Tier_3,Python,Data/BI,dormant_legacy,1354,68,83,41,9.53,1,11,69.6,56,0,0,0.207,36.1,0.229,34.5,0.109,1,0,56,7.4,5.8
TD-00986,user-profile-api,user-profile-api/tasks/workers/aggregator_1.py,Tier_2,Python,User Management,legacy_hotspot,2622,132,231,55,16.78,0,19,39.2,742,46,11,0.738,38.4,0.574,12.41,0.364,8,1,206,28.1,75.3
TD-00987,internal-admin-portal,internal-admin-portal/src/state/processor_11.tsx,Tier_3,TypeScript,Backoffice,healthy_active,573,8,8,1,0.63,0,13,1.73,677,18,7,0.321,5.2,0.117,82.77,0.058,0,0,36,7.3,5.1
TD-00988,batch-reporting-service,batch-reporting-service/src/main/java/com/platform/controller/exporter_5.java,Tier_3,Java,Reporting,legacy_hotspot,3280,82,139,23,19.25,5,19,61.87,1129,63,4,0.701,41.2,0.511,7.64,0.338,3,4,165,39.3,65.7
TD-00989,notification-dispatcher,notification-dispatcher/src/controllers/parser_11.js,Tier_2,Node.js,Communications,dormant_legacy,1243,32,43,18,26.71,0,18,51.72,63,1,1,0.261,16.1,0.229,20.34,0.045,0,0,98,15.3,5.8
TD-00990,payment-gateway,payment-gateway/pkg/handler/manager_19.go,Tier_1,Go,Fintech/Checkout,healthy_active,672,12,12,5,0.67,0,5,11.9,840,58,2,0.351,17.0,0.049,86.47,0.023,0,0,42,6.9,3.1
TD-00991,order-management,order-management/src/main/java/com/platform/service/state_machine_17.java,Tier_1,Java,Core Business,legacy_hotspot,2577,65,113,88,21.78,1,16,32.45,639,61,12,0.74,56.9,0.333,25.52,0.239,3,2,82,47.9,77.4
TD-00992,notification-dispatcher,notification-dispatcher/src/routes/session_handler_13.js,Tier_2,Node.js,Communications,average,908,14,15,13,8.71,0,21,29.29,271,10,3,0.535,19.4,0.137,63.53,0.068,1,0,85,18.3,17.2
TD-00993,batch-reporting-service,batch-reporting-service/src/main/java/com/platform/service/session_handler_10.java,Tier_3,Java,Reporting,healthy_active,420,9,10,1,1.65,0,4,10.49,769,32,7,0.346,13.4,0.09,94.63,0.072,0,0,51,7.3,3.4
TD-00994,notification-dispatcher,notification-dispatcher/src/controllers/manager_14.js,Tier_2,Node.js,Communications,average,739,25,25,8,7.9,0,7,14.05,65,16,5,0.626,29.9,0.117,71.11,0.147,1,1,70,21.9,12.2
TD-00995,analytics-etl,analytics-etl/models/data/manager_18.py,Tier_3,Python,Data/BI,dormant_legacy,1355,73,103,22,12.65,1,21,55.53,33,2,1,0.191,18.3,0.214,16.5,0.033,0,0,62,15.9,11.5
TD-00996,batch-reporting-service,batch-reporting-service/src/main/java/com/platform/repository/aggregator_19.java,Tier_3,Java,Reporting,average,619,21,26,13,6.75,0,16,23.77,256,8,5,0.34,25.7,0.209,49.04,0.09,0,0,67,17.6,7.9
TD-00997,order-management,order-management/src/main/java/com/platform/util/dispatcher_10.java,Tier_1,Java,Core Business,average,730,18,20,11,11.45,0,8,20.91,258,16,3,0.311,32.3,0.126,65.43,0.154,1,0,73,17.3,12.0
TD-00998,order-management,order-management/src/main/java/com/platform/controller/cache_adapter_1.java,Tier_1,Java,Core Business,healthy_active,722,8,8,4,0.61,0,5,5.04,251,44,6,0.59,12.1,0.053,83.8,0.037,0,0,34,3.9,5.6
TD-00999,batch-reporting-service,batch-reporting-service/src/main/java/com/platform/util/state_machine_19.java,Tier_3,Java,Reporting,dormant_legacy,1893,58,83,16,30.16,0,5,44.97,19,0,1,0.052,29.3,0.241,44.45,0.028,0,0,115,17.3,11.9
TD-01000,payment-gateway,payment-gateway/internal/service/rule_engine_11.go,Tier_1,Go,Fintech/Checkout,dormant_legacy,970,51,74,22,12.9,0,21,50.59,153,2,1,0.347,14.5,0.154,25.35,0.09,1,1,101,10.1,7.2
TD-01001,batch-reporting-service,batch-reporting-service/src/main/java/com/platform/controller/query_builder_19.java,Tier_3,Java,Reporting,legacy_hotspot,2209,83,110,46,17.07,1,34,41.05,1134,90,10,0.844,70.9,0.314,13.71,0.179,6,2,202,27.6,45.6
TD-01002,auth-service,auth-service/pkg/client/manager_11.go,Tier_1,Go,Security/IAM,average,1055,19,26,8,9.43,0,19,34.92,824,18,3,0.502,14.8,0.145,60.69,0.078,2,1,73,19.1,17.4
TD-01003,auth-service,auth-service/internal/service/session_handler_11.go,Tier_1,Go,Security/IAM,healthy_active,254,17,15,0,0.54,0,11,3.26,941,29,7,0.38,7.2,0.104,95.76,0.072,0,0,34,5.0,7.6
TD-01004,order-management,order-management/src/main/java/com/platform/service/state_machine_11.java,Tier_1,Java,Core Business,healthy_active,685,11,12,0,4.05,0,12,11.19,394,23,6,0.438,12.2,0.058,91.5,0.04,0,0,18,4.9,6.2
TD-01005,analytics-etl,analytics-etl/services/core/dispatcher_7.py,Tier_3,Python,Data/BI,dormant_legacy,1695,54,62,12,22.12,0,8,57.95,33,0,0,0.28,19.4,0.061,30.58,0.116,2,0,126,8.0,6.1
TD-01006,user-profile-api,user-profile-api/services/core/session_handler_9.py,Tier_2,Python,User Management,average,432,14,17,9,13.31,0,9,24.97,263,10,3,0.322,22.9,0.12,53.24,0.067,1,0,76,21.9,11.0
TD-01007,auth-service,auth-service/pkg/handler/processor_13.go,Tier_1,Go,Security/IAM,average,510,13,13,8,6.73,0,21,24.51,336,10,5,0.642,34.9,0.191,56.32,0.048,0,0,74,18.2,13.2
TD-01008,analytics-etl,analytics-etl/utils/helpers/manager_14.py,Tier_3,Python,Data/BI,average,1210,19,24,15,11.71,0,18,13.75,141,14,5,0.589,20.7,0.129,59.04,0.117,1,0,100,10.3,9.6
TD-01009,analytics-etl,analytics-etl/utils/helpers/session_handler_18.py,Tier_3,Python,Data/BI,average,1006,25,30,10,7.95,1,18,26.75,261,7,5,0.409,20.3,0.163,62.64,0.109,1,0,104,11.5,15.8
TD-01010,search-indexer,search-indexer/src/main/scala/engine/state_machine_16.scala,Tier_2,Scala,Search/Discovery,average,812,13,13,4,6.61,0,19,15.34,145,12,5,0.324,16.7,0.2,68.91,0.093,1,0,74,9.8,6.4
TD-01011,batch-reporting-service,batch-reporting-service/src/main/java/com/platform/controller/manager_15.java,Tier_3,Java,Reporting,average,719,22,27,12,11.34,0,9,26.53,147,12,5,0.559,17.4,0.163,49.6,0.052,2,1,61,10.8,8.4
TD-01012,auth-service,auth-service/pkg/handler/dispatcher_1.go,Tier_1,Go,Security/IAM,average,801,27,37,11,9.98,0,19,11.0,140,6,4,0.444,31.4,0.149,55.99,0.053,0,0,80,9.4,7.4
TD-01013,notification-dispatcher,notification-dispatcher/src/services/validator_3.js,Tier_2,Node.js,Communications,healthy_active,166,16,15,3,0.26,0,7,12.13,641,68,3,0.524,15.6,0.025,90.81,0.014,0,0,23,7.0,6.6
TD-01014,notification-dispatcher,notification-dispatcher/src/controllers/parser_13.js,Tier_2,Node.js,Communications,dormant_legacy,1333,30,36,11,8.23,0,11,38.64,23,2,1,0.311,34.9,0.165,31.32,0.104,0,0,116,14.1,5.3
TD-01015,order-management,order-management/src/main/java/com/platform/service/client_pool_3.java,Tier_1,Java,Core Business,healthy_active,733,5,5,3,1.05,0,12,12.82,711,56,3,0.417,17.7,0.099,89.33,0.035,0,0,27,0.9,6.1
TD-01016,notification-dispatcher,notification-dispatcher/src/queues/rule_engine_16.js,Tier_2,Node.js,Communications,healthy_active,299,8,8,3,0.5,0,6,14.45,1203,37,3,0.353,5.5,0.033,93.07,0.062,0,0,44,6.7,3.6
TD-01017,payment-gateway,payment-gateway/pkg/client/query_builder_6.go,Tier_1,Go,Fintech/Checkout,healthy_active,547,10,9,3,2.75,0,9,10.86,1039,50,5,0.553,5.4,0.105,92.38,0.045,0,0,30,3.2,7.8
TD-01018,batch-reporting-service,batch-reporting-service/src/main/java/com/platform/util/manager_2.java,Tier_3,Java,Reporting,dormant_legacy,912,192,284,27,20.92,0,18,36.28,41,2,0,0.128,25.5,0.164,39.02,0.028,1,0,26,7.7,10.8
TD-01019,auth-service,auth-service/pkg/storage/aggregator_7.go,Tier_1,Go,Security/IAM,average,1697,18,24,10,12.7,1,14,15.49,146,6,3,0.547,35.3,0.086,47.81,0.055,1,1,96,14.6,12.8
TD-01020,search-indexer,search-indexer/src/main/scala/pipeline/client_pool_18.scala,Tier_2,Scala,Search/Discovery,average,1420,14,16,7,6.56,0,12,24.7,256,19,4,0.49,18.3,0.103,57.14,0.158,2,0,63,16.1,16.5
TD-01021,inventory-worker,inventory-worker/models/data/dispatcher_8.py,Tier_2,Python,Supply Chain,dormant_legacy,3640,36,47,19,29.89,2,19,23.2,25,2,0,0.345,14.0,0.139,36.73,0.1,1,0,110,8.0,5.7
TD-01022,auth-service,auth-service/pkg/handler/router_19.go,Tier_1,Go,Security/IAM,dormant_legacy,1359,30,35,19,18.33,0,17,31.08,32,0,0,0.274,32.9,0.231,28.84,0.093,4,0,71,15.7,10.4
TD-01023,internal-admin-portal,internal-admin-portal/src/state/manager_2.tsx,Tier_3,TypeScript,Backoffice,dormant_legacy,1957,68,90,22,23.91,0,15,25.78,24,3,0,0.044,36.4,0.219,40.46,0.075,0,0,76,16.4,5.4
TD-01024,notification-dispatcher,notification-dispatcher/src/routes/router_3.js,Tier_2,Node.js,Communications,legacy_hotspot,2782,50,88,65,32.87,2,33,42.47,1849,106,14,0.972,31.9,0.42,22.01,0.191,10,3,169,48.8,41.2
TD-01025,inventory-worker,inventory-worker/tasks/workers/legacy_sync_7.py,Tier_2,Python,Supply Chain,average,578,18,19,14,5.77,0,12,28.73,184,13,2,0.538,25.2,0.119,64.39,0.065,1,0,37,15.2,15.0
TD-01026,auth-service,auth-service/pkg/handler/aggregator_6.go,Tier_1,Go,Security/IAM,average,778,12,13,11,4.48,1,17,16.8,682,6,2,0.417,18.3,0.197,50.85,0.104,1,0,68,18.2,8.6
TD-01027,inventory-worker,inventory-worker/services/core/legacy_sync_4.py,Tier_2,Python,Supply Chain,dormant_legacy,1453,111,163,30,16.2,0,11,44.01,18,1,0,0.107,14.7,0.229,36.0,0.111,0,0,71,16.6,5.1
TD-01028,inventory-worker,inventory-worker/utils/helpers/legacy_sync_16.py,Tier_2,Python,Supply Chain,legacy_hotspot,3636,120,169,72,46.43,0,30,62.0,901,71,5,0.846,69.0,0.612,19.9,0.139,3,4,181,58.7,30.7
TD-01029,inventory-worker,inventory-worker/services/core/query_builder_18.py,Tier_2,Python,Supply Chain,healthy_active,294,4,4,2,1.01,0,8,9.51,853,51,4,0.424,13.5,0.107,91.7,0.035,2,0,38,0.6,4.0
TD-01030,search-indexer,search-indexer/src/main/scala/engine/session_handler_13.scala,Tier_2,Scala,Search/Discovery,dormant_legacy,1129,64,78,53,27.52,0,9,47.31,24,0,0,0.229,23.9,0.245,18.77,0.047,0,0,50,13.1,2.4
TD-01031,notification-dispatcher,notification-dispatcher/src/controllers/legacy_sync_2.js,Tier_2,Node.js,Communications,average,596,25,26,6,4.36,0,14,28.67,794,14,5,0.35,20.5,0.173,67.01,0.096,1,1,91,20.1,10.5
TD-01032,inventory-worker,inventory-worker/utils/helpers/legacy_sync_9.py,Tier_2,Python,Supply Chain,average,1223,22,25,9,5.02,0,14,13.56,345,18,3,0.463,32.3,0.211,57.77,0.152,0,0,64,21.3,13.1
TD-01033,user-profile-api,user-profile-api/models/data/rule_engine_2.py,Tier_2,Python,User Management,average,500,24,29,15,10.12,0,19,11.24,200,15,2,0.536,20.6,0.194,60.29,0.079,1,1,68,18.0,10.5
TD-01034,order-management,order-management/src/main/java/com/platform/service/validator_12.java,Tier_1,Java,Core Business,dormant_legacy,1407,87,98,65,19.23,0,10,53.05,22,3,1,0.306,30.5,0.218,31.59,0.113,1,1,106,11.8,8.4
TD-01035,internal-admin-portal,internal-admin-portal/src/state/exporter_19.tsx,Tier_3,TypeScript,Backoffice,healthy_active,810,6,6,1,4.64,0,12,6.96,477,48,2,0.425,17.3,0.096,90.37,0.039,0,0,45,7.0,4.1
TD-01036,user-profile-api,user-profile-api/tasks/workers/processor_13.py,Tier_2,Python,User Management,dormant_legacy,1085,32,41,22,20.42,1,11,27.22,13,1,1,0.163,34.4,0.116,20.14,0.134,0,0,120,15.4,3.8
TD-01037,internal-admin-portal,internal-admin-portal/src/state/client_pool_16.tsx,Tier_3,TypeScript,Backoffice,legacy_hotspot,1494,96,118,58,47.78,1,33,50.44,1278,39,17,0.807,42.2,0.286,17.98,0.218,6,4,58,43.1,46.8
TD-01038,batch-reporting-service,batch-reporting-service/src/main/java/com/platform/controller/legacy_sync_10.java,Tier_3,Java,Reporting,legacy_hotspot,2584,66,103,50,13.64,2,13,50.31,1286,87,12,0.864,93.7,0.587,21.9,0.178,2,5,149,41.8,49.5
TD-01039,auth-service,auth-service/pkg/client/parser_2.go,Tier_1,Go,Security/IAM,healthy_active,575,11,10,2,0.32,0,5,0.19,1349,66,5,0.356,14.9,0.039,92.68,0.07,0,0,39,1.7,2.9
TD-01040,internal-admin-portal,internal-admin-portal/src/components/forms/validator_15.tsx,Tier_3,TypeScript,Backoffice,average,706,24,27,5,10.54,0,6,15.97,444,10,4,0.527,25.6,0.131,64.27,0.043,1,0,77,15.1,15.2
TD-01041,order-management,order-management/src/main/java/com/platform/controller/aggregator_7.java,Tier_1,Java,Core Business,healthy_active,597,11,13,5,0.17,0,7,9.92,299,23,5,0.338,10.2,0.058,94.92,0.079,2,0,31,6.0,2.4
TD-01042,order-management,order-management/src/main/java/com/platform/service/router_3.java,Tier_1,Java,Core Business,legacy_hotspot,3435,70,112,58,42.0,1,36,41.99,907,62,12,0.67,68.6,0.602,20.78,0.166,6,4,134,51.0,55.2
TD-01043,search-indexer,search-indexer/src/main/scala/engine/state_machine_5.scala,Tier_2,Scala,Search/Discovery,average,2137,26,29,12,12.34,0,8,21.39,155,10,3,0.323,24.2,0.214,74.37,0.104,1,1,67,11.8,12.3
TD-01044,batch-reporting-service,batch-reporting-service/src/main/java/com/platform/repository/session_handler_3.java,Tier_3,Java,Reporting,healthy_active,471,13,11,2,1.63,0,4,2.58,779,83,3,0.273,4.3,0.035,95.58,0.025,1,0,36,0.9,5.1
TD-01045,auth-service,auth-service/pkg/client/client_pool_13.go,Tier_1,Go,Security/IAM,dormant_legacy,749,30,36,61,14.23,1,20,28.36,7,2,1,0.127,31.1,0.073,31.39,0.042,0,0,101,13.8,3.5
TD-01046,internal-admin-portal,internal-admin-portal/src/hooks/state_machine_9.tsx,Tier_3,TypeScript,Backoffice,average,1402,13,16,9,12.64,0,13,32.61,246,17,4,0.47,15.6,0.213,52.4,0.1,0,0,66,13.9,10.6
TD-01047,internal-admin-portal,internal-admin-portal/src/state/parser_1.tsx,Tier_3,TypeScript,Backoffice,healthy_active,644,7,6,2,2.33,0,5,6.29,817,28,4,0.552,17.4,0.078,91.57,0.046,0,0,22,6.8,5.2
TD-01048,batch-reporting-service,batch-reporting-service/src/main/java/com/platform/util/validator_14.java,Tier_3,Java,Reporting,healthy_active,786,6,6,0,2.77,0,13,9.74,305,40,3,0.373,15.2,0.096,83.62,0.059,0,0,26,7.2,3.5
TD-01049,order-management,order-management/src/main/java/com/platform/controller/rule_engine_19.java,Tier_1,Java,Core Business,dormant_legacy,1530,31,36,14,18.91,1,6,55.68,40,3,0,0.237,19.4,0.207,48.49,0.137,0,0,63,6.3,5.8
TD-01050,batch-reporting-service,batch-reporting-service/src/main/java/com/platform/service/parser_4.java,Tier_3,Java,Reporting,healthy_active,400,3,3,5,2.46,0,6,5.47,378,37,6,0.322,9.4,0.117,79.52,0.067,0,0,26,1.2,6.3
TD-01051,batch-reporting-service,batch-reporting-service/src/main/java/com/platform/service/exporter_10.java,Tier_3,Java,Reporting,dormant_legacy,1170,34,49,59,25.98,0,22,46.78,8,3,1,0.254,21.0,0.13,38.61,0.069,0,1,96,15.5,11.9
TD-01052,internal-admin-portal,internal-admin-portal/src/hooks/parser_14.tsx,Tier_3,TypeScript,Backoffice,average,1424,24,30,10,11.36,0,21,32.09,134,11,3,0.396,29.5,0.126,46.69,0.065,2,1,121,8.1,8.9
TD-01053,inventory-worker,inventory-worker/utils/helpers/query_builder_16.py,Tier_2,Python,Supply Chain,legacy_hotspot,2508,79,101,55,15.55,0,23,80.23,1396,85,8,0.98,55.6,0.468,11.66,0.163,4,3,136,47.7,39.6
TD-01054,batch-reporting-service,batch-reporting-service/src/main/java/com/platform/util/processor_6.java,Tier_3,Java,Reporting,healthy_active,844,13,13,0,2.26,0,4,13.46,305,85,2,0.385,17.8,0.079,83.89,0.073,0,0,34,7.3,6.0
TD-01055,inventory-worker,inventory-worker/utils/helpers/manager_20.py,Tier_2,Python,Supply Chain,healthy_active,891,16,16,4,4.25,0,11,8.46,830,45,5,0.492,6.6,0.081,89.31,0.063,0,0,37,5.1,4.4
TD-01056,batch-reporting-service,batch-reporting-service/src/main/java/com/platform/util/processor_13.java,Tier_3,Java,Reporting,healthy_active,705,8,9,5,1.3,0,4,12.8,515,57,4,0.327,15.6,0.02,89.6,0.056,0,0,58,6.5,6.5
TD-01057,notification-dispatcher,notification-dispatcher/src/controllers/processor_16.js,Tier_2,Node.js,Communications,legacy_hotspot,2900,126,164,18,41.09,2,19,54.88,886,62,17,0.801,71.5,0.539,11.68,0.259,5,0,172,41.0,33.9
TD-01058,inventory-worker,inventory-worker/models/data/processor_11.py,Tier_2,Python,Supply Chain,average,1618,17,23,11,10.17,1,9,28.56,206,7,4,0.598,32.2,0.095,73.5,0.062,1,1,70,18.5,10.9
TD-01059,inventory-worker,inventory-worker/models/data/dispatcher_16.py,Tier_2,Python,Supply Chain,dormant_legacy,1712,59,70,36,16.32,0,14,53.18,6,0,1,0.233,38.0,0.064,48.37,0.138,0,0,71,9.1,7.6
TD-01060,auth-service,auth-service/internal/service/manager_10.go,Tier_1,Go,Security/IAM,legacy_hotspot,2367,97,125,52,39.81,5,27,40.7,1225,54,8,0.692,49.8,0.41,4.6,0.243,7,1,138,30.1,44.7
TD-01061,analytics-etl,analytics-etl/models/data/dispatcher_14.py,Tier_3,Python,Data/BI,dormant_legacy,1295,75,107,13,19.67,2,12,69.62,33,3,1,0.208,31.4,0.194,31.67,0.03,0,0,58,10.1,11.7
TD-01062,batch-reporting-service,batch-reporting-service/src/main/java/com/platform/service/aggregator_15.java,Tier_3,Java,Reporting,healthy_active,302,8,8,0,3.24,0,7,7.34,1508,44,7,0.329,15.1,0.109,91.37,0.022,0,0,52,7.4,4.1
TD-01063,user-profile-api,user-profile-api/utils/helpers/cache_adapter_16.py,Tier_2,Python,User Management,average,1055,17,19,6,14.93,1,10,29.6,117,12,3,0.433,16.2,0.083,55.71,0.127,2,1,85,12.0,8.6
TD-01064,internal-admin-portal,internal-admin-portal/src/hooks/state_machine_2.tsx,Tier_3,TypeScript,Backoffice,healthy_active,136,9,8,4,0.05,0,10,9.95,976,27,7,0.287,9.9,0.104,82.59,0.08,0,0,25,5.4,2.7
TD-01065,internal-admin-portal,internal-admin-portal/src/components/forms/validator_10.tsx,Tier_3,TypeScript,Backoffice,dormant_legacy,2002,46,61,16,14.26,0,9,67.5,39,0,0,0.03,22.5,0.164,39.61,0.134,1,0,60,12.1,5.3
TD-01066,internal-admin-portal,internal-admin-portal/src/state/manager_17.tsx,Tier_3,TypeScript,Backoffice,legacy_hotspot,3247,134,171,38,45.81,2,11,42.47,1040,34,5,0.807,42.6,0.559,14.89,0.169,9,0,82,26.2,50.6
TD-01067,batch-reporting-service,batch-reporting-service/src/main/java/com/platform/service/manager_7.java,Tier_3,Java,Reporting,dormant_legacy,1066,62,90,17,31.59,0,7,69.51,21,3,0,0.31,29.7,0.054,19.19,0.041,0,0,90,9.0,5.1
TD-01068,user-profile-api,user-profile-api/services/core/aggregator_2.py,Tier_2,Python,User Management,healthy_active,1004,8,9,4,4.65,0,4,8.42,420,23,7,0.477,16.4,0.118,92.95,0.012,0,0,42,7.2,7.9
TD-01069,analytics-etl,analytics-etl/services/core/parser_12.py,Tier_3,Python,Data/BI,healthy_active,880,9,9,4,0.58,0,5,0.75,663,35,4,0.441,13.1,0.097,87.05,0.024,0,0,15,2.2,3.9
TD-01070,user-profile-api,user-profile-api/models/data/session_handler_15.py,Tier_2,Python,User Management,average,1031,19,25,11,9.73,0,13,30.57,220,9,2,0.408,34.0,0.118,72.23,0.148,4,0,66,18.1,10.2
TD-01071,internal-admin-portal,internal-admin-portal/src/state/query_builder_4.tsx,Tier_3,TypeScript,Backoffice,legacy_hotspot,2747,107,180,38,29.96,0,26,39.43,1617,44,14,0.921,49.0,0.606,36.01,0.259,5,3,136,29.0,59.3
TD-01072,payment-gateway,payment-gateway/internal/service/session_handler_16.go,Tier_1,Go,Fintech/Checkout,legacy_hotspot,3944,68,89,66,41.26,1,22,67.99,1461,58,4,0.654,71.0,0.431,6.03,0.257,5,2,221,47.9,41.2
TD-01073,batch-reporting-service,batch-reporting-service/src/main/java/com/platform/util/manager_16.java,Tier_3,Java,Reporting,dormant_legacy,899,52,61,20,31.98,1,12,26.39,6,3,1,0.021,26.8,0.148,15.22,0.083,0,0,88,17.6,11.8
TD-01074,batch-reporting-service,batch-reporting-service/src/main/java/com/platform/repository/session_handler_6.java,Tier_3,Java,Reporting,healthy_active,543,17,15,5,0.31,0,12,12.95,1070,86,2,0.572,15.7,0.022,83.37,0.014,1,0,23,7.5,2.9
TD-01075,inventory-worker,inventory-worker/services/core/dispatcher_1.py,Tier_2,Python,Supply Chain,dormant_legacy,1250,51,67,11,24.94,0,21,42.18,27,0,1,0.108,35.7,0.149,43.97,0.069,0,0,88,15.6,6.1
TD-01076,search-indexer,search-indexer/src/main/scala/engine/manager_19.scala,Tier_2,Scala,Search/Discovery,average,680,16,22,5,8.3,1,14,22.98,170,14,5,0.398,19.0,0.1,65.92,0.079,2,1,59,18.9,15.3
TD-01077,user-profile-api,user-profile-api/handlers/api/query_builder_8.py,Tier_2,Python,User Management,healthy_active,596,10,9,5,1.56,0,4,10.63,544,22,5,0.22,14.6,0.052,84.76,0.044,0,0,56,1.6,5.7
TD-01078,user-profile-api,user-profile-api/models/data/query_builder_14.py,Tier_2,Python,User Management,healthy_active,635,12,12,5,0.58,0,8,10.7,475,27,2,0.504,13.6,0.072,91.4,0.048,0,0,46,4.5,3.6
TD-01079,internal-admin-portal,internal-admin-portal/src/pages/admin/state_machine_1.tsx,Tier_3,TypeScript,Backoffice,healthy_active,457,6,5,5,4.47,0,8,3.14,578,55,7,0.448,15.6,0.104,88.62,0.054,2,0,37,0.1,1.7
TD-01080,analytics-etl,analytics-etl/handlers/api/query_builder_6.py,Tier_3,Python,Data/BI,healthy_active,369,7,7,0,0.26,0,6,1.77,775,43,4,0.52,5.0,0.094,95.09,0.059,1,0,46,3.9,7.3
TD-01081,batch-reporting-service,batch-reporting-service/src/main/java/com/platform/service/aggregator_9.java,Tier_3,Java,Reporting,average,739,22,27,15,9.91,1,21,34.97,381,12,4,0.424,30.8,0.148,66.46,0.106,0,0,82,15.4,17.2
TD-01082,batch-reporting-service,batch-reporting-service/src/main/java/com/platform/repository/cache_adapter_9.java,Tier_3,Java,Reporting,average,675,22,28,9,7.92,0,14,32.95,226,11,2,0.413,15.2,0.146,68.74,0.156,1,0,68,19.9,17.6
TD-01083,search-indexer,search-indexer/src/main/scala/index/state_machine_12.scala,Tier_2,Scala,Search/Discovery,healthy_active,811,8,7,1,3.78,0,4,14.12,1018,36,7,0.351,8.7,0.116,91.9,0.011,2,0,19,0.6,3.2
TD-01084,analytics-etl,analytics-etl/models/data/aggregator_15.py,Tier_3,Python,Data/BI,healthy_active,1017,3,2,0,1.73,0,5,9.51,572,19,7,0.483,12.1,0.069,84.37,0.032,0,0,23,6.2,5.0
TD-01085,inventory-worker,inventory-worker/tasks/workers/state_machine_20.py,Tier_2,Python,Supply Chain,healthy_active,464,6,6,1,2.92,0,4,4.94,276,24,3,0.314,17.5,0.039,92.51,0.043,0,0,28,6.0,2.0
TD-01086,search-indexer,search-indexer/src/main/scala/pipeline/validator_1.scala,Tier_2,Scala,Search/Discovery,legacy_hotspot,2633,79,122,76,26.79,3,25,69.61,1752,93,13,0.908,34.4,0.255,31.7,0.319,12,1,181,42.3,56.9
TD-01087,internal-admin-portal,internal-admin-portal/src/hooks/client_pool_20.tsx,Tier_3,TypeScript,Backoffice,dormant_legacy,1404,40,49,27,23.96,0,10,55.07,20,3,0,0.16,16.5,0.219,16.56,0.055,0,1,72,14.3,11.3
TD-01088,batch-reporting-service,batch-reporting-service/src/main/java/com/platform/repository/dispatcher_4.java,Tier_3,Java,Reporting,healthy_active,215,17,17,1,3.18,0,14,4.47,751,57,7,0.233,8.1,0.119,78.39,0.057,0,0,26,5.2,2.5
TD-01089,analytics-etl,analytics-etl/services/core/session_handler_9.py,Tier_3,Python,Data/BI,legacy_hotspot,1664,46,63,81,26.81,0,37,75.21,976,52,8,0.875,90.0,0.306,9.99,0.191,5,1,167,43.1,48.4
TD-01090,notification-dispatcher,notification-dispatcher/src/services/dispatcher_10.js,Tier_2,Node.js,Communications,average,620,27,35,12,12.98,0,16,20.31,305,16,3,0.341,20.9,0.193,47.59,0.105,1,1,81,21.7,10.5
TD-01091,user-profile-api,user-profile-api/handlers/api/client_pool_8.py,Tier_2,Python,User Management,healthy_active,609,17,18,5,1.01,0,4,3.7,756,39,5,0.205,11.3,0.078,90.06,0.022,0,0,28,3.3,2.8
TD-01092,payment-gateway,payment-gateway/internal/middleware/router_11.go,Tier_1,Go,Fintech/Checkout,average,698,14,15,5,11.21,0,12,23.6,378,8,5,0.566,17.8,0.176,53.8,0.051,1,0,113,16.8,9.4
TD-01093,order-management,order-management/src/main/java/com/platform/service/query_builder_16.java,Tier_1,Java,Core Business,dormant_legacy,2468,33,45,62,25.85,0,10,46.28,35,1,0,0.287,21.4,0.18,39.27,0.06,1,0,133,15.3,11.5
TD-01094,inventory-worker,inventory-worker/models/data/parser_14.py,Tier_2,Python,Supply Chain,average,858,25,33,14,4.82,0,14,28.85,363,5,4,0.363,23.3,0.211,55.26,0.115,0,0,101,20.7,8.1
TD-01095,search-indexer,search-indexer/src/main/scala/index/cache_adapter_2.scala,Tier_2,Scala,Search/Discovery,average,1008,25,33,8,6.58,0,16,24.94,154,7,2,0.368,31.3,0.093,55.6,0.069,1,0,84,12.4,8.6
TD-01096,batch-reporting-service,batch-reporting-service/src/main/java/com/platform/controller/session_handler_8.java,Tier_3,Java,Reporting,dormant_legacy,983,51,58,19,22.58,2,18,52.67,41,1,1,0.176,18.5,0.142,39.04,0.079,0,0,50,6.1,6.5
TD-01097,internal-admin-portal,internal-admin-portal/src/state/parser_12.tsx,Tier_3,TypeScript,Backoffice,legacy_hotspot,1657,91,125,35,33.41,0,37,44.71,867,99,9,0.688,43.1,0.649,31.4,0.218,4,4,166,27.3,39.3
TD-01098,internal-admin-portal,internal-admin-portal/src/hooks/state_machine_6.tsx,Tier_3,TypeScript,Backoffice,legacy_hotspot,2588,172,278,68,26.82,1,26,44.22,1318,65,9,0.703,85.8,0.494,32.38,0.258,9,0,145,27.1,33.8
TD-01099,internal-admin-portal,internal-admin-portal/src/components/forms/dispatcher_4.tsx,Tier_3,TypeScript,Backoffice,healthy_active,582,13,13,1,0.18,0,3,3.89,582,68,7,0.278,13.1,0.087,92.93,0.071,0,0,31,5.5,1.4
TD-01100,analytics-etl,analytics-etl/handlers/api/cache_adapter_9.py,Tier_3,Python,Data/BI,dormant_legacy,1410,65,83,17,24.27,1,23,59.24,57,1,0,0.081,14.6,0.103,19.3,0.042,0,0,58,16.7,4.0
TD-01101,internal-admin-portal,internal-admin-portal/src/components/forms/query_builder_11.tsx,Tier_3,TypeScript,Backoffice,healthy_active,709,8,7,5,3.81,0,7,0.13,375,25,6,0.244,15.8,0.029,78.45,0.026,0,0,25,3.5,2.4
TD-01102,auth-service,auth-service/internal/service/session_handler_8.go,Tier_1,Go,Security/IAM,legacy_hotspot,4040,53,92,51,44.82,1,27,32.01,1395,92,15,0.859,74.9,0.342,36.97,0.305,5,3,207,37.2,77.0
TD-01103,inventory-worker,inventory-worker/utils/helpers/exporter_11.py,Tier_2,Python,Supply Chain,dormant_legacy,1204,57,84,11,22.02,2,18,29.87,11,0,1,0.017,34.0,0.161,40.37,0.036,1,0,138,12.8,5.5
TD-01104,notification-dispatcher,notification-dispatcher/src/services/rule_engine_10.js,Tier_2,Node.js,Communications,average,682,19,26,12,11.65,0,16,17.13,338,6,3,0.365,35.5,0.133,63.49,0.049,1,0,95,20.7,14.1
TD-01105,analytics-etl,analytics-etl/services/core/legacy_sync_2.py,Tier_3,Python,Data/BI,dormant_legacy,853,93,130,34,27.33,0,18,24.76,41,2,0,0.065,34.8,0.181,30.36,0.132,0,0,101,5.3,9.5
TD-01106,batch-reporting-service,batch-reporting-service/src/main/java/com/platform/service/legacy_sync_7.java,Tier_3,Java,Reporting,average,1075,20,25,13,13.29,0,21,14.46,151,15,4,0.469,18.5,0.146,45.55,0.046,0,0,64,15.8,9.3
TD-01107,internal-admin-portal,internal-admin-portal/src/pages/admin/state_machine_13.tsx,Tier_3,TypeScript,Backoffice,average,943,16,16,15,10.09,0,20,14.2,293,8,2,0.551,29.0,0.163,55.72,0.137,2,0,80,12.8,15.9
TD-01108,internal-admin-portal,internal-admin-portal/src/hooks/router_2.tsx,Tier_3,TypeScript,Backoffice,healthy_active,673,13,14,3,3.15,0,13,10.4,537,80,6,0.316,17.8,0.115,88.34,0.069,0,0,22,4.2,4.5
TD-01109,order-management,order-management/src/main/java/com/platform/controller/aggregator_11.java,Tier_1,Java,Core Business,healthy_active,269,11,12,1,0.82,0,3,13.57,228,30,7,0.575,10.0,0.089,88.84,0.02,1,0,39,0.4,3.1
TD-01110,search-indexer,search-indexer/src/main/scala/pipeline/parser_15.scala,Tier_2,Scala,Search/Discovery,dormant_legacy,1293,62,72,14,11.66,0,12,52.68,28,0,1,0.024,21.3,0.182,40.8,0.116,0,1,138,8.7,4.1
TD-01111,order-management,order-management/src/main/java/com/platform/repository/state_machine_6.java,Tier_1,Java,Core Business,healthy_active,658,14,13,0,1.73,0,9,12.57,383,55,4,0.41,14.8,0.097,89.77,0.016,0,0,31,7.2,1.1
TD-01112,auth-service,auth-service/pkg/client/session_handler_6.go,Tier_1,Go,Security/IAM,legacy_hotspot,3354,174,256,64,29.02,3,12,53.18,1004,106,15,0.666,34.8,0.587,16.61,0.205,5,5,193,55.0,26.6
TD-01113,notification-dispatcher,notification-dispatcher/src/routes/processor_15.js,Tier_2,Node.js,Communications,dormant_legacy,1409,56,78,33,27.56,0,19,55.1,70,3,0,0.105,32.8,0.096,46.92,0.09,0,0,122,9.1,11.6
TD-01114,inventory-worker,inventory-worker/handlers/api/exporter_6.py,Tier_2,Python,Supply Chain,average,677,14,14,9,10.08,1,14,17.69,281,17,3,0.643,20.6,0.186,54.16,0.053,3,0,87,11.1,6.2
TD-01115,batch-reporting-service,batch-reporting-service/src/main/java/com/platform/controller/legacy_sync_3.java,Tier_3,Java,Reporting,dormant_legacy,2056,57,81,79,18.01,1,24,56.98,9,1,0,0.122,14.0,0.21,34.43,0.078,0,0,135,8.6,9.2
TD-01116,order-management,order-management/src/main/java/com/platform/util/query_builder_14.java,Tier_1,Java,Core Business,legacy_hotspot,1455,57,78,67,28.9,1,39,25.56,1220,34,15,0.884,73.9,0.408,8.68,0.26,5,4,241,38.9,27.2
TD-01117,search-indexer,search-indexer/src/main/scala/index/legacy_sync_13.scala,Tier_2,Scala,Search/Discovery,average,1406,23,26,6,7.82,0,19,17.22,265,8,5,0.535,14.9,0.113,73.4,0.077,0,0,84,13.3,8.1
TD-01118,payment-gateway,payment-gateway/pkg/handler/client_pool_7.go,Tier_1,Go,Fintech/Checkout,dormant_legacy,899,39,52,24,31.1,0,24,43.26,77,1,1,0.335,22.1,0.059,48.96,0.123,0,0,79,12.4,7.3
TD-01119,notification-dispatcher,notification-dispatcher/src/routes/parser_11.js,Tier_2,Node.js,Communications,healthy_active,428,16,14,4,2.9,0,8,10.26,573,37,6,0.325,6.3,0.055,87.72,0.024,2,0,45,4.5,6.5
TD-01120,internal-admin-portal,internal-admin-portal/src/components/forms/processor_1.tsx,Tier_3,TypeScript,Backoffice,dormant_legacy,836,27,39,33,29.6,0,21,52.65,52,1,0,0.103,24.9,0.103,16.71,0.031,2,0,20,13.5,11.5
TD-01121,user-profile-api,user-profile-api/handlers/api/cache_adapter_12.py,Tier_2,Python,User Management,average,701,14,14,15,15.44,0,18,27.38,413,10,2,0.388,24.5,0.122,52.85,0.133,3,0,29,16.9,12.9
TD-01122,inventory-worker,inventory-worker/handlers/api/validator_13.py,Tier_2,Python,Supply Chain,healthy_active,397,17,15,5,0.18,0,9,13.16,518,55,7,0.259,4.9,0.033,95.12,0.041,0,0,21,0.1,6.3
TD-01123,internal-admin-portal,internal-admin-portal/src/hooks/manager_3.tsx,Tier_3,TypeScript,Backoffice,average,613,12,13,7,10.39,0,7,26.13,279,19,2,0.327,33.6,0.213,74.7,0.137,0,0,72,12.4,10.6
TD-01124,payment-gateway,payment-gateway/pkg/storage/dispatcher_15.go,Tier_1,Go,Fintech/Checkout,legacy_hotspot,2391,55,88,95,28.14,0,16,69.86,1402,74,16,0.965,64.4,0.648,8.83,0.361,4,4,171,48.8,35.6
TD-01125,internal-admin-portal,internal-admin-portal/src/hooks/router_5.tsx,Tier_3,TypeScript,Backoffice,legacy_hotspot,2115,108,184,30,26.15,0,11,69.95,1722,133,17,0.924,39.4,0.285,10.88,0.149,5,2,126,38.4,48.1
TD-01126,notification-dispatcher,notification-dispatcher/src/lib/session_handler_7.js,Tier_2,Node.js,Communications,legacy_hotspot,2383,68,111,61,18.18,5,22,76.44,1158,44,9,0.685,62.0,0.578,37.92,0.175,8,0,230,36.1,37.0
TD-01127,order-management,order-management/src/main/java/com/platform/util/processor_8.java,Tier_1,Java,Core Business,average,1648,15,19,15,9.18,0,12,32.93,286,8,4,0.309,29.0,0.183,68.68,0.061,1,1,77,17.5,7.3
TD-01128,user-profile-api,user-profile-api/handlers/api/aggregator_1.py,Tier_2,Python,User Management,healthy_active,314,10,9,5,1.19,0,11,9.42,738,30,2,0.271,16.0,0.107,86.37,0.017,1,0,15,2.9,4.7
TD-01129,batch-reporting-service,batch-reporting-service/src/main/java/com/platform/controller/validator_12.java,Tier_3,Java,Reporting,healthy_active,449,11,12,4,0.51,0,12,9.39,804,30,3,0.341,14.1,0.098,87.02,0.065,0,0,40,4.1,5.8
TD-01130,payment-gateway,payment-gateway/pkg/client/parser_9.go,Tier_1,Go,Fintech/Checkout,healthy_active,359,4,3,2,4.41,0,14,7.79,324,41,2,0.287,14.5,0.113,79.64,0.039,1,0,35,0.8,4.1
TD-01131,internal-admin-portal,internal-admin-portal/src/pages/admin/rule_engine_2.tsx,Tier_3,TypeScript,Backoffice,dormant_legacy,970,148,210,48,15.61,0,6,43.91,31,2,0,0.063,29.6,0.09,34.19,0.092,0,0,31,8.6,4.2
TD-01132,auth-service,auth-service/pkg/handler/processor_4.go,Tier_1,Go,Security/IAM,legacy_hotspot,1581,107,162,36,36.98,2,26,45.71,1511,63,11,0.862,69.2,0.334,31.82,0.365,4,5,190,25.2,57.8
TD-01133,search-indexer,search-indexer/src/main/scala/index/router_4.scala,Tier_2,Scala,Search/Discovery,healthy_active,650,3,2,0,4.42,0,7,5.1,695,43,2,0.344,18.0,0.048,88.62,0.03,0,0,15,4.7,4.9
TD-01134,internal-admin-portal,internal-admin-portal/src/hooks/legacy_sync_5.tsx,Tier_3,TypeScript,Backoffice,legacy_hotspot,4058,78,116,55,43.15,3,26,38.94,1814,79,8,0.979,34.8,0.603,36.17,0.316,2,6,126,37.4,59.5
TD-01135,user-profile-api,user-profile-api/services/core/dispatcher_14.py,Tier_2,Python,User Management,legacy_hotspot,3990,61,107,36,22.31,1,20,32.12,2009,113,15,0.702,66.7,0.503,32.26,0.373,7,2,197,56.8,29.9
TD-01136,auth-service,auth-service/internal/middleware/dispatcher_20.go,Tier_1,Go,Security/IAM,average,499,27,31,13,13.25,0,9,26.9,422,11,4,0.618,32.2,0.152,65.42,0.09,1,0,66,10.9,6.5
TD-01137,batch-reporting-service,batch-reporting-service/src/main/java/com/platform/controller/router_4.java,Tier_3,Java,Reporting,dormant_legacy,1543,36,47,31,8.85,0,10,26.54,39,1,0,0.171,23.2,0.229,17.52,0.094,3,0,42,9.6,8.0
TD-01138,internal-admin-portal,internal-admin-portal/src/pages/admin/dispatcher_4.tsx,Tier_3,TypeScript,Backoffice,healthy_active,676,8,9,3,3.18,0,8,3.45,453,68,6,0.215,4.8,0.031,80.77,0.079,0,0,32,5.1,5.6
TD-01139,auth-service,auth-service/pkg/client/aggregator_20.go,Tier_1,Go,Security/IAM,average,655,20,22,14,13.81,0,20,26.89,376,8,3,0.586,27.4,0.151,51.57,0.074,1,1,41,17.6,14.4
TD-01140,user-profile-api,user-profile-api/models/data/state_machine_17.py,Tier_2,Python,User Management,healthy_active,708,17,16,2,2.93,0,6,6.48,1650,38,6,0.39,17.6,0.061,81.93,0.046,0,0,25,3.7,5.0
TD-01141,user-profile-api,user-profile-api/models/data/cache_adapter_14.py,Tier_2,Python,User Management,healthy_active,164,17,18,1,4.08,0,9,9.25,586,18,4,0.437,8.7,0.033,90.29,0.01,0,0,29,2.5,5.9
TD-01142,inventory-worker,inventory-worker/handlers/api/processor_18.py,Tier_2,Python,Supply Chain,healthy_active,968,16,16,4,3.02,0,5,5.86,522,59,3,0.586,4.3,0.104,95.3,0.08,0,0,32,6.9,1.9
TD-01143,analytics-etl,analytics-etl/handlers/api/cache_adapter_16.py,Tier_3,Python,Data/BI,healthy_active,375,16,18,5,4.19,0,14,11.49,586,33,2,0.458,7.2,0.064,85.28,0.014,0,0,38,2.4,3.9
TD-01144,notification-dispatcher,notification-dispatcher/src/controllers/processor_1.js,Tier_2,Node.js,Communications,average,508,26,35,4,12.02,1,17,21.83,69,11,4,0.595,33.6,0.104,65.85,0.156,1,0,52,9.5,14.5
TD-01145,auth-service,auth-service/pkg/handler/state_machine_19.go,Tier_1,Go,Security/IAM,average,1106,24,29,14,8.31,0,21,34.2,131,5,3,0.32,27.8,0.157,48.34,0.084,0,0,72,8.1,9.5
TD-01146,analytics-etl,analytics-etl/handlers/api/validator_17.py,Tier_3,Python,Data/BI,healthy_active,571,16,16,5,3.52,0,11,10.54,576,24,6,0.312,4.1,0.112,90.35,0.058,0,0,50,5.5,7.9
TD-01147,auth-service,auth-service/pkg/handler/parser_9.go,Tier_1,Go,Security/IAM,average,609,21,26,7,7.58,0,11,10.6,110,11,5,0.422,30.0,0.207,51.35,0.14,0,0,59,15.9,10.3
TD-01148,user-profile-api,user-profile-api/utils/helpers/dispatcher_9.py,Tier_2,Python,User Management,dormant_legacy,1939,43,56,19,29.8,0,19,45.38,57,3,1,0.207,32.8,0.08,28.02,0.133,1,0,114,8.4,4.3
TD-01149,analytics-etl,analytics-etl/services/core/validator_6.py,Tier_3,Python,Data/BI,legacy_hotspot,1591,134,211,92,22.31,0,26,55.52,1716,45,12,0.705,74.3,0.377,32.44,0.325,9,3,182,54.6,44.3
TD-01150,payment-gateway,payment-gateway/pkg/storage/session_handler_11.go,Tier_1,Go,Fintech/Checkout,legacy_hotspot,2111,124,167,48,14.76,1,11,68.83,1807,86,12,0.977,71.3,0.599,31.46,0.303,7,2,149,46.1,78.5
TD-01151,search-indexer,search-indexer/src/main/scala/pipeline/validator_4.scala,Tier_2,Scala,Search/Discovery,dormant_legacy,1260,41,55,13,21.99,0,6,63.27,4,1,0,0.065,27.8,0.056,30.38,0.113,0,0,124,5.8,10.5
TD-01152,payment-gateway,payment-gateway/pkg/handler/state_machine_5.go,Tier_1,Go,Fintech/Checkout,average,1124,17,17,12,10.96,1,6,29.27,344,5,4,0.572,33.4,0.154,55.6,0.047,1,0,134,17.3,12.8
TD-01153,order-management,order-management/src/main/java/com/platform/repository/session_handler_15.java,Tier_1,Java,Core Business,dormant_legacy,1500,55,69,55,23.9,0,23,20.25,21,2,1,0.147,31.0,0.054,43.49,0.051,0,0,71,10.3,10.5
TD-01154,batch-reporting-service,batch-reporting-service/src/main/java/com/platform/repository/parser_3.java,Tier_3,Java,Reporting,legacy_hotspot,2477,93,153,50,35.97,1,39,56.17,1670,45,17,0.933,29.0,0.5,34.85,0.149,9,3,192,39.2,29.4
TD-01155,notification-dispatcher,notification-dispatcher/src/services/manager_4.js,Tier_2,Node.js,Communications,dormant_legacy,1433,34,48,39,23.63,0,22,60.0,32,0,1,0.268,38.2,0.233,19.81,0.085,0,1,71,16.6,11.7
TD-01156,search-indexer,search-indexer/src/main/scala/index/legacy_sync_9.scala,Tier_2,Scala,Search/Discovery,legacy_hotspot,4091,83,108,48,25.43,1,20,56.47,1962,51,7,0.702,44.4,0.614,13.82,0.349,5,2,202,41.1,56.7
TD-01157,search-indexer,search-indexer/src/main/scala/pipeline/state_machine_16.scala,Tier_2,Scala,Search/Discovery,legacy_hotspot,1500,162,281,50,12.3,2,37,73.03,1937,128,12,0.804,68.4,0.624,19.86,0.229,7,0,76,45.4,64.8
TD-01158,search-indexer,search-indexer/src/main/scala/pipeline/parser_6.scala,Tier_2,Scala,Search/Discovery,average,617,23,28,14,4.34,1,10,30.68,98,18,5,0.626,24.1,0.182,69.81,0.064,0,1,51,19.6,11.9
TD-01159,auth-service,auth-service/internal/service/cache_adapter_2.go,Tier_1,Go,Security/IAM,average,1081,19,20,12,11.54,0,17,21.59,479,15,3,0.353,23.1,0.213,69.05,0.065,2,0,79,13.8,7.1
TD-01160,order-management,order-management/src/main/java/com/platform/service/router_19.java,Tier_1,Java,Core Business,legacy_hotspot,2811,191,302,22,33.82,0,10,81.77,771,100,5,0.932,53.6,0.388,32.25,0.187,6,4,115,48.3,44.0
TD-01161,analytics-etl,analytics-etl/tasks/workers/query_builder_15.py,Tier_3,Python,Data/BI,average,976,15,16,11,9.69,1,14,27.39,122,17,4,0.613,30.9,0.177,64.65,0.053,5,1,64,14.5,15.0
TD-01162,order-management,order-management/src/main/java/com/platform/util/exporter_12.java,Tier_1,Java,Core Business,healthy_active,271,17,17,1,4.54,0,11,4.22,405,53,6,0.352,9.6,0.062,86.63,0.05,0,0,19,5.9,4.9
TD-01163,batch-reporting-service,batch-reporting-service/src/main/java/com/platform/service/state_machine_5.java,Tier_3,Java,Reporting,healthy_active,356,12,13,1,1.36,0,8,4.28,215,37,7,0.2,17.0,0.025,81.08,0.012,0,0,36,7.5,6.9
TD-01164,analytics-etl,analytics-etl/utils/helpers/validator_14.py,Tier_3,Python,Data/BI,average,1012,13,14,12,12.05,0,9,26.36,277,8,5,0.629,33.6,0.089,56.35,0.072,2,0,26,13.4,15.2
TD-01165,analytics-etl,analytics-etl/services/core/validator_9.py,Tier_3,Python,Data/BI,average,728,20,27,14,15.67,0,17,14.07,496,14,5,0.462,23.3,0.118,54.85,0.142,1,0,86,12.8,13.8
TD-01166,notification-dispatcher,notification-dispatcher/src/routes/cache_adapter_17.js,Tier_2,Node.js,Communications,legacy_hotspot,3670,79,102,73,36.05,0,30,60.96,774,62,10,0.704,41.8,0.281,29.24,0.142,7,1,186,36.4,30.4
TD-01167,batch-reporting-service,batch-reporting-service/src/main/java/com/platform/controller/query_builder_11.java,Tier_3,Java,Reporting,dormant_legacy,1896,36,46,28,18.1,1,5,35.94,41,0,1,0.34,20.1,0.241,32.47,0.06,3,0,108,17.5,5.1
TD-01168,internal-admin-portal,internal-admin-portal/src/pages/admin/router_8.tsx,Tier_3,TypeScript,Backoffice,dormant_legacy,1679,64,89,20,21.14,1,7,60.73,47,1,1,0.115,19.0,0.152,35.22,0.052,1,0,70,16.5,5.2
TD-01169,analytics-etl,analytics-etl/models/data/query_builder_13.py,Tier_3,Python,Data/BI,healthy_active,738,12,10,0,3.95,0,3,2.43,1766,42,5,0.297,12.9,0.072,84.4,0.055,0,0,45,7.3,5.2
TD-01170,order-management,order-management/src/main/java/com/platform/service/processor_6.java,Tier_1,Java,Core Business,dormant_legacy,1431,26,34,12,27.44,0,8,42.12,24,2,1,0.088,30.2,0.202,31.17,0.064,1,0,116,14.0,8.9
TD-01171,internal-admin-portal,internal-admin-portal/src/state/state_machine_16.tsx,Tier_3,TypeScript,Backoffice,dormant_legacy,1531,56,80,19,25.41,0,19,37.17,32,1,1,0.074,16.0,0.111,31.93,0.09,0,0,30,10.6,11.5
TD-01172,order-management,order-management/src/main/java/com/platform/service/exporter_16.java,Tier_1,Java,Core Business,dormant_legacy,901,35,43,19,18.8,0,8,60.91,8,2,1,0.254,25.2,0.201,39.16,0.139,0,0,69,11.1,5.6
TD-01173,notification-dispatcher,notification-dispatcher/src/controllers/session_handler_9.js,Tier_2,Node.js,Communications,average,778,21,25,10,4.42,1,9,21.81,99,14,5,0.422,14.0,0.213,63.53,0.08,0,0,57,9.3,18.5
TD-01174,payment-gateway,payment-gateway/internal/middleware/aggregator_18.go,Tier_1,Go,Fintech/Checkout,healthy_active,541,3,2,2,1.19,0,8,12.36,616,28,5,0.316,13.6,0.075,88.75,0.01,0,0,33,3.5,2.3
TD-01175,search-indexer,search-indexer/src/main/scala/index/state_machine_8.scala,Tier_2,Scala,Search/Discovery,dormant_legacy,1864,54,71,35,19.77,0,12,50.22,27,1,0,0.061,12.9,0.248,27.18,0.119,0,0,103,7.7,6.6
TD-01176,auth-service,auth-service/pkg/client/legacy_sync_19.go,Tier_1,Go,Security/IAM,healthy_active,586,17,17,1,2.0,0,10,8.7,389,34,6,0.508,12.7,0.089,89.11,0.032,0,0,21,4.6,6.0
TD-01177,analytics-etl,analytics-etl/services/core/state_machine_16.py,Tier_3,Python,Data/BI,average,747,12,12,4,8.51,1,14,34.79,265,10,2,0.578,34.0,0.131,46.29,0.083,1,1,52,11.1,6.1
TD-01178,analytics-etl,analytics-etl/models/data/validator_16.py,Tier_3,Python,Data/BI,healthy_active,535,6,6,1,3.55,0,8,6.72,586,20,3,0.438,12.2,0.1,81.62,0.03,0,0,28,7.7,5.6
TD-01179,payment-gateway,payment-gateway/pkg/handler/router_14.go,Tier_1,Go,Fintech/Checkout,dormant_legacy,1223,41,50,47,12.67,2,23,65.94,13,2,1,0.32,14.8,0.18,47.8,0.118,0,0,70,14.3,3.8
TD-01180,payment-gateway,payment-gateway/internal/middleware/client_pool_1.go,Tier_1,Go,Fintech/Checkout,healthy_active,405,8,8,4,2.92,0,14,13.08,622,47,4,0.257,9.2,0.091,88.52,0.013,1,0,32,7.1,3.9
TD-01181,auth-service,auth-service/internal/middleware/rule_engine_10.go,Tier_1,Go,Security/IAM,average,751,23,27,10,7.89,1,6,10.94,236,15,3,0.407,14.4,0.192,46.62,0.149,1,0,67,9.5,13.8
TD-01182,internal-admin-portal,internal-admin-portal/src/components/forms/query_builder_15.tsx,Tier_3,TypeScript,Backoffice,healthy_active,781,13,14,4,1.1,0,6,1.05,868,40,3,0.431,5.2,0.062,83.92,0.067,0,0,26,4.7,2.4
TD-01183,notification-dispatcher,notification-dispatcher/src/services/state_machine_2.js,Tier_2,Node.js,Communications,healthy_active,1020,16,18,4,2.78,0,14,13.6,1257,64,5,0.501,7.4,0.046,95.42,0.072,0,0,38,6.6,2.1
TD-01184,user-profile-api,user-profile-api/utils/helpers/session_handler_18.py,Tier_2,Python,User Management,average,687,18,20,15,9.19,0,21,28.05,446,19,5,0.595,33.6,0.119,45.69,0.143,1,0,89,13.8,11.3
TD-01185,batch-reporting-service,batch-reporting-service/src/main/java/com/platform/util/cache_adapter_12.java,Tier_3,Java,Reporting,average,875,19,26,9,15.2,0,16,18.1,288,14,3,0.543,16.3,0.211,60.87,0.073,2,0,70,18.5,8.2
TD-01186,analytics-etl,analytics-etl/services/core/validator_8.py,Tier_3,Python,Data/BI,dormant_legacy,1776,39,51,59,27.1,0,14,50.84,19,1,1,0.03,16.0,0.153,26.91,0.08,1,1,146,12.3,2.2
TD-01187,payment-gateway,payment-gateway/pkg/storage/session_handler_10.go,Tier_1,Go,Fintech/Checkout,average,1928,18,19,13,8.92,0,15,10.72,152,19,4,0.326,19.6,0.139,58.93,0.093,2,0,75,10.4,10.9
TD-01188,internal-admin-portal,internal-admin-portal/src/hooks/cache_adapter_4.tsx,Tier_3,TypeScript,Backoffice,healthy_active,382,11,10,4,1.83,0,7,11.56,1111,61,4,0.417,14.3,0.092,87.61,0.044,2,0,40,6.0,7.9
TD-01189,payment-gateway,payment-gateway/internal/service/legacy_sync_5.go,Tier_1,Go,Fintech/Checkout,healthy_active,512,14,15,2,3.5,0,9,8.51,706,65,6,0.562,11.2,0.085,82.56,0.023,0,0,24,1.9,7.1
TD-01190,search-indexer,search-indexer/src/main/scala/engine/dispatcher_20.scala,Tier_2,Scala,Search/Discovery,healthy_active,622,5,5,1,2.74,0,11,2.93,212,42,3,0.397,8.6,0.071,84.24,0.08,0,0,43,5.1,5.0
TD-01191,user-profile-api,user-profile-api/handlers/api/validator_13.py,Tier_2,Python,User Management,healthy_active,574,7,8,4,0.6,0,13,3.16,916,38,3,0.311,11.8,0.094,79.46,0.046,0,0,40,2.4,7.7
TD-01192,user-profile-api,user-profile-api/utils/helpers/state_machine_7.py,Tier_2,Python,User Management,healthy_active,541,15,17,5,2.83,0,9,11.52,489,38,5,0.263,10.2,0.082,93.31,0.026,0,0,27,3.6,2.6
TD-01193,notification-dispatcher,notification-dispatcher/src/routes/exporter_14.js,Tier_2,Node.js,Communications,healthy_active,253,8,8,4,1.38,0,5,11.29,633,26,7,0.201,6.5,0.102,92.45,0.034,0,0,28,4.1,7.3
TD-01194,payment-gateway,payment-gateway/internal/middleware/validator_15.go,Tier_1,Go,Fintech/Checkout,healthy_active,299,8,7,0,3.2,0,6,9.56,781,61,6,0.477,13.9,0.051,89.92,0.036,1,0,49,7.3,4.1
TD-01195,analytics-etl,analytics-etl/tasks/workers/client_pool_5.py,Tier_3,Python,Data/BI,healthy_active,871,12,11,2,2.3,0,9,7.41,288,42,7,0.407,11.4,0.095,87.72,0.053,0,0,44,7.9,6.5
TD-01196,analytics-etl,analytics-etl/services/core/client_pool_2.py,Tier_3,Python,Data/BI,dormant_legacy,2219,38,53,31,15.53,1,18,44.9,10,3,0,0.327,36.5,0.197,21.47,0.059,0,0,91,15.2,4.3
TD-01197,internal-admin-portal,internal-admin-portal/src/state/state_machine_19.tsx,Tier_3,TypeScript,Backoffice,healthy_active,308,8,8,4,4.82,0,13,1.8,1047,44,5,0.433,16.5,0.076,88.86,0.034,0,0,39,7.6,3.5
TD-01198,analytics-etl,analytics-etl/tasks/workers/exporter_6.py,Tier_3,Python,Data/BI,dormant_legacy,1024,41,49,27,16.79,1,24,37.63,32,2,1,0.139,27.8,0.177,17.48,0.064,1,0,159,12.2,9.2
TD-01199,batch-reporting-service,batch-reporting-service/src/main/java/com/platform/controller/cache_adapter_5.java,Tier_3,Java,Reporting,average,877,23,29,13,16.0,0,18,12.21,712,18,3,0.35,23.8,0.09,60.66,0.042,2,0,47,18.3,8.8
TD-01200,auth-service,auth-service/pkg/client/query_builder_20.go,Tier_1,Go,Security/IAM,dormant_legacy,1694,111,140,33,29.05,1,16,30.34,58,1,0,0.348,13.3,0.076,30.51,0.134,1,0,93,13.2,2.7
